id,prev_id,t,gap_min,dy,dx,mag,conf
512,511,2026-05-25T11:47:11,15.1,2.226,0.012,2.226,297.2
514,512,2026-05-25T12:07:32,20.4,1.834,0.967,2.073,289.8
516,514,2026-05-25T12:38:05,30.5,1.705,1.496,2.268,168.6
517,516,2026-05-25T12:53:17,15.2,-0.053,0.033,0.063,393.1
519,517,2026-05-25T13:11:04,17.8,-0.024,0.071,0.075,395.7
520,519,2026-05-25T13:26:15,15.2,0.001,0.046,0.046,422.5
521,520,2026-05-25T13:41:30,15.3,-0.013,-0.008,0.015,407.7
522,521,2026-05-25T13:56:53,15.4,-0.01,0.072,0.073,395.9
523,522,2026-05-25T14:12:41,15.8,-0.022,0.052,0.056,421.5
524,523,2026-05-25T14:28:09,15.5,-0.014,0.019,0.023,366.5
525,524,2026-05-25T14:43:51,15.7,-0.029,0.037,0.047,403.6
526,525,2026-05-25T14:59:11,15.3,-0.021,0.038,0.044,402.8
527,526,2026-05-25T15:14:23,15.2,-0.015,-0.004,0.015,401.5
528,527,2026-05-25T15:29:38,15.2,-0.011,0.04,0.042,385.3
529,528,2026-05-25T15:45:18,15.7,-0.007,0.006,0.009,456.8
530,529,2026-05-25T16:00:47,15.5,0.021,0.027,0.034,450.7
531,530,2026-05-25T16:16:01,15.2,0.001,0.009,0.009,427.2
532,531,2026-05-25T16:31:13,15.2,-0.01,0.014,0.017,305.2
534,532,2026-05-25T16:46:48,15.6,0.001,0.032,0.032,354.2
535,534,2026-05-25T17:02:05,15.3,-0.007,0.021,0.022,455.6
537,535,2026-05-25T17:18:22,16.3,-0.001,0.022,0.022,517.4
538,537,2026-05-25T17:50:49,32.4,-0.0,0.012,0.012,439.7
540,538,2026-05-25T18:08:17,17.5,-0.002,0.007,0.007,457.7
541,540,2026-05-25T18:23:38,15.4,0.002,-0.004,0.005,479.7
542,541,2026-05-25T18:38:57,15.3,-0.005,0.009,0.01,484.9
543,542,2026-05-25T18:54:14,15.3,-0.009,0.02,0.022,485.9
545,543,2026-05-25T19:09:36,15.4,0.006,0.019,0.02,467.8
548,545,2026-05-25T19:27:16,17.7,0.008,0.007,0.011,440.4
549,548,2026-05-25T19:42:25,15.1,-0.008,0.027,0.028,468.7
550,549,2026-05-25T19:57:37,15.2,0.002,0.003,0.004,366.3
554,550,2026-05-25T20:30:27,32.8,0.148,0.021,0.15,359.0
555,554,2026-05-25T20:45:35,15.1,-0.001,0.016,0.016,493.0
574,555,2026-05-26T05:14:53,509.3,32.005,-4.145,32.272,30.4
594,574,2026-05-26T21:18:14,963.3,1.873,-3.906,4.332,136.9
595,594,2026-05-26T21:33:25,15.2,-0.032,0.051,0.06,549.0
604,595,2026-05-27T05:13:11,459.8,-1.697,21.297,21.364,32.0
606,604,2026-05-27T05:33:24,20.2,-0.062,0.078,0.1,427.5
609,606,2026-05-27T05:56:41,23.3,-0.05,0.027,0.057,400.1
610,609,2026-05-27T06:11:53,15.2,-0.053,0.048,0.071,384.9
616,610,2026-05-27T06:51:57,40.1,-0.125,0.09,0.154,376.9
617,616,2026-05-27T07:07:10,15.2,-0.035,0.045,0.057,468.3
618,617,2026-05-27T07:22:22,15.2,-0.046,-0.021,0.051,461.0
622,618,2026-05-27T07:43:23,21.0,-0.039,0.001,0.039,368.4
624,622,2026-05-27T08:10:50,27.5,-0.029,-0.065,0.071,337.9
625,624,2026-05-27T08:26:01,15.2,-0.011,-0.026,0.028,323.7
626,625,2026-05-27T08:41:12,15.2,0.014,-0.069,0.07,323.9
628,626,2026-05-27T08:56:35,15.4,0.058,-0.05,0.077,314.3
629,628,2026-05-27T09:11:46,15.2,0.045,-0.096,0.106,353.7
632,629,2026-05-27T09:28:29,16.7,0.152,-0.05,0.16,337.6
633,632,2026-05-27T09:43:39,15.2,0.095,-0.104,0.141,359.3
636,633,2026-05-27T10:10:43,27.1,0.187,-0.026,0.188,307.0
637,636,2026-05-27T10:25:53,15.2,0.062,-0.071,0.095,385.1
639,637,2026-05-27T10:41:13,15.3,0.088,-0.081,0.12,379.6
640,639,2026-05-27T10:56:29,15.3,0.792,-0.533,0.955,215.8
642,640,2026-05-27T11:11:50,15.3,1.033,-0.129,1.041,348.8
646,642,2026-05-27T11:50:15,38.4,1.468,-0.317,1.502,193.5
647,646,2026-05-27T12:05:24,15.1,0.181,0.041,0.186,337.1
648,647,2026-05-27T12:20:35,15.2,0.014,0.045,0.047,441.0
649,648,2026-05-27T12:35:43,15.1,-0.043,-0.035,0.055,422.6
652,649,2026-05-27T12:51:14,15.5,-0.057,-0.022,0.062,392.8
653,652,2026-05-27T13:06:25,15.2,-0.056,0.009,0.057,379.6
654,653,2026-05-27T13:21:35,15.2,-0.018,0.002,0.018,404.7
655,654,2026-05-27T13:36:45,15.2,-0.056,-0.004,0.056,439.1
657,655,2026-05-27T13:52:04,15.3,-0.02,0.001,0.02,452.8
658,657,2026-05-27T14:07:14,15.2,-0.051,0.004,0.051,439.8
660,658,2026-05-27T14:30:49,23.6,-0.033,-0.009,0.034,414.1
661,660,2026-05-27T14:45:58,15.2,-0.064,0.009,0.065,428.0
662,661,2026-05-27T15:01:10,15.2,-0.013,0.028,0.031,463.5
663,662,2026-05-27T15:16:27,15.3,-0.049,-0.022,0.054,380.9
664,663,2026-05-27T15:31:37,15.2,-0.001,0.025,0.025,420.8
665,664,2026-05-27T15:46:47,15.2,-0.032,0.001,0.032,396.4
666,665,2026-05-27T16:01:59,15.2,-0.017,-0.022,0.028,410.3
669,666,2026-05-27T16:36:44,34.7,-0.067,0.041,0.078,345.3
670,669,2026-05-27T16:51:53,15.1,-0.022,-0.012,0.025,434.8
671,670,2026-05-27T17:07:07,15.2,-0.02,-0.003,0.02,468.0
672,671,2026-05-27T17:22:17,15.2,-0.03,0.026,0.04,401.2
673,672,2026-05-27T17:37:29,15.2,-0.011,0.007,0.013,488.6
674,673,2026-05-27T17:52:41,15.2,-0.028,0.008,0.029,450.4
675,674,2026-05-27T18:07:53,15.2,-0.033,0.019,0.038,449.2
676,675,2026-05-27T18:23:03,15.2,-0.014,0.024,0.028,489.7
677,676,2026-05-27T18:38:13,15.2,-0.03,0.011,0.032,510.7
678,677,2026-05-27T18:53:23,15.2,-0.022,0.012,0.025,478.7
679,678,2026-05-27T19:08:49,15.4,-0.028,0.009,0.029,474.7
681,679,2026-05-27T19:26:25,17.6,-0.019,0.002,0.019,498.5
682,681,2026-05-27T19:41:44,15.3,-0.023,0.016,0.028,514.7
683,682,2026-05-27T19:57:09,15.4,-0.015,0.02,0.026,484.3
684,683,2026-05-27T20:12:33,15.4,-0.018,0.007,0.019,440.1
685,684,2026-05-27T20:27:50,15.3,-0.01,0.019,0.021,476.8
686,685,2026-05-27T20:43:06,15.3,-0.029,-0.0,0.029,466.7
687,686,2026-05-27T20:58:33,15.4,-0.009,0.019,0.021,486.7
692,687,2026-05-27T21:21:17,22.7,0.143,0.034,0.147,272.3
693,692,2026-05-27T21:36:47,15.5,0.009,0.019,0.021,444.0
696,693,2026-05-28T05:12:35,455.8,-2.091,1.032,2.332,181.2
697,696,2026-05-28T05:27:48,15.2,-0.004,0.015,0.015,527.0
698,697,2026-05-28T05:43:39,15.8,-0.027,0.034,0.044,523.3
700,698,2026-05-28T06:10:14,26.6,-0.026,-0.017,0.031,522.9
703,700,2026-05-28T06:34:49,24.6,-0.02,0.028,0.034,483.3
704,703,2026-05-28T06:50:36,15.8,0.0,-0.002,0.002,430.6
705,704,2026-05-28T07:06:01,15.4,-0.012,-0.012,0.017,395.5
706,705,2026-05-28T07:21:53,15.9,-0.026,-0.022,0.035,494.0
707,706,2026-05-28T07:37:44,15.8,-0.006,-0.061,0.061,391.3
708,707,2026-05-28T07:53:24,15.7,-0.026,-0.025,0.036,403.1
709,708,2026-05-28T08:08:54,15.5,0.005,0.013,0.013,371.4
711,709,2026-05-28T08:35:14,26.3,-0.019,-0.132,0.133,283.5
712,711,2026-05-28T08:50:46,15.5,0.022,-0.044,0.049,336.9
713,712,2026-05-28T09:06:10,15.4,0.052,-0.079,0.094,334.1
714,713,2026-05-28T09:21:36,15.4,0.068,-0.082,0.107,346.0
715,714,2026-05-28T09:37:00,15.4,0.09,-0.078,0.119,331.1
717,715,2026-05-28T09:52:49,15.8,0.178,-0.079,0.195,313.4
718,717,2026-05-28T10:08:20,15.5,0.11,-0.034,0.115,335.6
719,718,2026-05-28T10:23:48,15.5,0.152,-0.032,0.156,319.4
720,719,2026-05-28T10:39:03,15.2,0.192,-0.039,0.196,310.0
721,720,2026-05-28T10:54:21,15.3,0.743,-0.504,0.897,168.4
722,721,2026-05-28T11:09:36,15.3,1.094,-0.146,1.104,276.4
723,722,2026-05-28T11:24:50,15.2,0.967,-0.111,0.973,319.7
727,723,2026-05-28T11:56:24,31.6,1.028,-0.076,1.031,305.6
729,727,2026-05-28T12:13:56,17.5,0.076,0.123,0.145,326.8
730,729,2026-05-28T12:29:09,15.2,-0.076,-0.026,0.081,353.8
731,730,2026-05-28T12:44:23,15.2,-0.076,0.023,0.08,358.7
732,731,2026-05-28T12:59:41,15.3,-0.061,-0.011,0.062,373.9
733,732,2026-05-28T13:14:55,15.2,-0.016,0.005,0.017,376.9
734,733,2026-05-28T13:30:30,15.6,-0.042,-0.002,0.042,384.6
735,734,2026-05-28T13:45:57,15.5,-0.018,-0.015,0.023,391.2
736,735,2026-05-28T14:01:08,15.2,-0.056,-0.009,0.057,400.0
737,736,2026-05-28T14:16:20,15.2,-0.024,0.016,0.029,439.3
738,737,2026-05-28T14:31:36,15.3,-0.043,0.009,0.044,433.0
739,738,2026-05-28T14:47:03,15.5,-0.053,0.016,0.056,328.3
740,739,2026-05-28T15:02:21,15.3,-0.003,-0.002,0.004,375.1
741,740,2026-05-28T15:18:01,15.7,-0.015,0.007,0.017,370.3
743,741,2026-05-28T15:45:28,27.5,-0.028,0.002,0.029,339.2
745,743,2026-05-28T16:15:49,30.3,-0.478,0.002,0.478,258.0
746,745,2026-05-28T16:31:04,15.3,-0.013,-0.036,0.038,411.0
747,746,2026-05-28T16:46:31,15.4,-0.021,0.033,0.04,355.7
748,747,2026-05-28T17:01:49,15.3,-0.006,-0.042,0.043,404.6
749,748,2026-05-28T17:17:02,15.2,-0.005,0.047,0.047,419.9
750,749,2026-05-28T17:32:19,15.3,-0.014,0.012,0.018,535.2
751,750,2026-05-28T17:47:36,15.3,-0.022,-0.002,0.022,504.3
752,751,2026-05-28T18:02:51,15.2,-0.011,-0.011,0.015,489.9
753,752,2026-05-28T18:18:14,15.4,-0.022,0.02,0.03,505.4
754,753,2026-05-28T18:33:24,15.2,-0.008,0.014,0.016,535.3
755,754,2026-05-28T18:48:47,15.4,-0.035,0.006,0.035,497.2
756,755,2026-05-28T19:04:15,15.5,-0.016,0.023,0.028,505.2
762,756,2026-05-28T19:30:52,26.6,-0.028,-0.04,0.049,436.8
764,762,2026-05-28T19:47:46,16.9,-0.012,-0.012,0.016,505.1
765,764,2026-05-28T20:03:09,15.4,-0.018,0.02,0.027,472.9
766,765,2026-05-28T20:18:30,15.3,-0.017,-0.007,0.018,551.2
767,766,2026-05-28T20:33:50,15.3,-0.011,-0.014,0.018,559.6
768,767,2026-05-28T20:49:07,15.3,-0.019,0.014,0.023,511.8
769,768,2026-05-28T21:04:18,15.2,-0.017,-0.006,0.018,507.2
771,769,2026-05-28T21:19:47,15.5,-0.009,0.017,0.019,510.5
773,771,2026-05-28T21:35:10,15.4,-0.023,0.032,0.039,427.9
775,773,2026-05-28T21:50:29,15.3,0.094,-0.023,0.097,423.1
776,775,2026-05-29T05:11:10,440.7,-2.342,1.51,2.787,155.7
778,776,2026-05-29T05:26:29,15.3,-0.013,0.021,0.025,556.3
781,778,2026-05-29T05:52:28,26.0,-0.039,0.019,0.043,572.5
782,781,2026-05-29T06:07:37,15.2,-0.017,0.003,0.017,592.5
783,782,2026-05-29T06:22:45,15.1,-0.028,0.001,0.028,560.7
785,783,2026-05-29T06:38:02,15.3,-0.018,-0.0,0.018,593.1
786,785,2026-05-29T06:53:14,15.2,-0.02,0.012,0.024,555.4
787,786,2026-05-29T07:08:27,15.2,-0.016,-0.011,0.02,501.4
788,787,2026-05-29T07:23:43,15.3,-0.04,-0.019,0.044,451.1
790,788,2026-05-29T07:44:26,20.7,-0.017,-0.026,0.031,431.1
791,790,2026-05-29T07:59:36,15.2,-0.019,-0.032,0.037,400.4
792,791,2026-05-29T08:14:48,15.2,0.001,-0.029,0.029,410.2
793,792,2026-05-29T08:30:03,15.3,-0.003,-0.023,0.023,368.6
794,793,2026-05-29T08:45:16,15.2,-0.0,-0.053,0.053,382.0
795,794,2026-05-29T09:00:28,15.2,0.035,0.035,0.049,404.2
796,795,2026-05-29T09:15:38,15.2,-0.011,-0.094,0.095,392.8
797,796,2026-05-29T09:30:50,15.2,0.056,0.019,0.059,339.0
804,797,2026-05-29T09:57:31,26.7,0.73,-0.147,0.745,205.8
806,804,2026-05-29T10:18:24,20.9,0.093,-0.07,0.116,249.3
807,806,2026-05-29T10:33:34,15.2,-0.016,-0.022,0.027,411.5
808,807,2026-05-29T10:48:47,15.2,0.077,-0.102,0.128,393.5
809,808,2026-05-29T11:03:58,15.2,0.733,-0.129,0.745,250.1
811,809,2026-05-29T11:20:43,16.8,0.773,-0.074,0.776,331.6
812,811,2026-05-29T11:35:51,15.1,0.409,-0.106,0.423,270.5
815,812,2026-05-29T12:08:11,32.3,0.412,0.213,0.464,226.4
816,815,2026-05-29T12:23:22,15.2,-0.031,-0.074,0.08,357.4
817,816,2026-05-29T12:38:30,15.1,-0.082,0.026,0.086,301.3
819,817,2026-05-29T13:00:03,21.5,-0.043,-0.056,0.071,267.2
820,819,2026-05-29T13:15:12,15.1,-0.069,0.012,0.07,356.4
821,820,2026-05-29T13:30:22,15.2,-0.014,0.011,0.018,407.6
822,821,2026-05-29T13:45:33,15.2,-0.023,0.024,0.033,417.2
823,822,2026-05-29T14:00:43,15.2,-0.052,-0.013,0.054,389.1
824,823,2026-05-29T14:15:51,15.1,-0.06,0.023,0.064,409.8
825,824,2026-05-29T14:31:02,15.2,-0.045,0.004,0.045,385.4
826,825,2026-05-29T14:46:14,15.2,-0.043,0.042,0.06,386.5
827,826,2026-05-29T15:01:25,15.2,-0.054,0.037,0.065,444.5
840,827,2026-05-29T15:46:15,44.8,-0.101,0.07,0.123,261.4
841,840,2026-05-29T16:01:27,15.2,-0.001,0.029,0.029,360.1
842,841,2026-05-29T16:16:44,15.3,-0.014,0.023,0.027,438.9
843,842,2026-05-29T16:31:57,15.2,-0.027,0.005,0.028,378.0
844,843,2026-05-29T16:47:08,15.2,-0.035,0.046,0.058,383.7
845,844,2026-05-29T17:02:20,15.2,-0.027,0.006,0.028,475.9
846,845,2026-05-29T17:17:31,15.2,-0.048,0.028,0.056,432.3
847,846,2026-05-29T17:32:39,15.1,-0.029,0.027,0.04,472.4
848,847,2026-05-29T17:47:48,15.1,-0.033,0.016,0.036,467.9
849,848,2026-05-29T18:02:57,15.2,-0.024,-0.019,0.031,472.2
850,849,2026-05-29T18:18:07,15.2,-0.024,0.047,0.052,446.2
853,850,2026-05-29T18:33:35,15.5,0.003,-0.007,0.008,473.6
854,853,2026-05-29T18:48:45,15.2,0.0,0.036,0.036,462.8
855,854,2026-05-29T19:03:57,15.2,-0.007,-0.006,0.009,478.1
856,855,2026-05-29T19:19:09,15.2,-0.011,0.008,0.014,461.1
857,856,2026-05-29T19:34:19,15.2,-0.009,0.032,0.033,470.7
859,857,2026-05-29T19:49:42,15.4,-0.007,-0.002,0.008,463.9
861,859,2026-05-29T20:09:10,19.5,-0.025,0.066,0.071,289.9
862,861,2026-05-29T20:24:21,15.2,-0.185,0.156,0.242,333.0
863,862,2026-05-29T20:39:31,15.2,-0.161,0.114,0.197,334.4
869,863,2026-05-29T21:13:15,33.7,-0.164,0.337,0.375,277.3
877,869,2026-05-29T21:40:57,27.7,-0.214,0.192,0.288,255.0
882,877,2026-05-30T05:10:12,449.2,-12.78,7.679,14.909,47.6
883,882,2026-05-30T05:25:25,15.2,-0.023,0.04,0.046,452.9
884,883,2026-05-30T05:40:34,15.2,-0.029,0.028,0.041,532.5
885,884,2026-05-30T05:55:43,15.1,-0.037,0.002,0.037,504.9
886,885,2026-05-30T06:10:54,15.2,-0.03,-0.016,0.033,526.2
887,886,2026-05-30T06:26:04,15.2,-0.016,-0.006,0.017,531.8
889,887,2026-05-30T06:50:28,24.4,-0.308,0.225,0.382,269.9
890,889,2026-05-30T07:05:41,15.2,-0.027,0.006,0.028,475.5
891,890,2026-05-30T07:20:52,15.2,-0.034,-0.007,0.035,465.7
892,891,2026-05-30T07:36:03,15.2,-0.007,-0.02,0.021,434.0
893,892,2026-05-30T07:51:16,15.2,-0.003,-0.004,0.005,431.8
894,893,2026-05-30T08:06:29,15.2,-0.008,-0.003,0.008,413.9
895,894,2026-05-30T08:21:40,15.2,0.036,-0.114,0.12,355.9
896,895,2026-05-30T08:36:50,15.2,0.048,-0.089,0.101,424.8
897,896,2026-05-30T08:51:59,15.2,0.078,-0.06,0.098,440.0
898,897,2026-05-30T09:07:09,15.2,0.083,-0.003,0.083,328.4
899,898,2026-05-30T09:22:20,15.2,0.08,0.04,0.089,416.8
900,899,2026-05-30T09:37:29,15.1,0.043,-0.026,0.05,413.7
901,900,2026-05-30T09:52:39,15.2,0.068,-0.033,0.076,332.3
902,901,2026-05-30T10:07:49,15.2,0.028,0.04,0.048,444.3
904,902,2026-05-30T10:33:46,26.0,0.098,-0.066,0.118,422.4
905,904,2026-05-30T10:48:57,15.2,0.085,-0.095,0.128,417.1
907,905,2026-05-30T11:15:17,26.3,0.063,0.035,0.072,477.7
908,907,2026-05-30T11:30:30,15.2,0.15,-0.284,0.322,332.6
909,908,2026-05-30T11:45:39,15.2,0.368,-0.077,0.376,329.3
910,909,2026-05-30T12:00:52,15.2,0.235,-0.078,0.248,328.1
911,910,2026-05-30T12:16:04,15.2,0.177,-0.076,0.193,393.3
912,911,2026-05-30T12:31:13,15.1,0.053,0.001,0.053,382.0
913,912,2026-05-30T12:46:22,15.2,0.11,-0.059,0.125,402.5
915,913,2026-05-30T13:01:43,15.3,0.09,-0.028,0.094,409.7
916,915,2026-05-30T13:16:54,15.2,0.01,-0.02,0.022,395.8
919,916,2026-05-30T13:37:41,20.8,0.759,-0.254,0.801,244.7
921,919,2026-05-30T13:53:04,15.4,0.029,-0.04,0.05,438.8
922,921,2026-05-30T14:08:13,15.1,0.033,0.002,0.033,443.8
923,922,2026-05-30T14:23:24,15.2,0.015,0.002,0.016,457.7
924,923,2026-05-30T14:38:35,15.2,0.004,-0.046,0.046,417.7
925,924,2026-05-30T14:53:45,15.2,0.001,0.042,0.042,437.7
927,925,2026-05-30T15:09:02,15.3,0.003,-0.015,0.015,445.3
928,927,2026-05-30T15:24:15,15.2,-0.001,0.021,0.021,447.5
933,928,2026-05-30T16:05:26,41.2,-0.566,0.073,0.57,209.3
934,933,2026-05-30T16:20:37,15.2,-0.037,0.021,0.042,442.3
935,934,2026-05-30T16:35:45,15.1,-0.021,-0.015,0.026,429.5
936,935,2026-05-30T16:50:56,15.2,-0.031,0.006,0.031,454.5
937,936,2026-05-30T17:06:09,15.2,-0.034,0.011,0.036,461.4
938,937,2026-05-30T17:21:24,15.3,-0.016,0.004,0.017,526.0
939,938,2026-05-30T17:36:35,15.2,-0.032,-0.013,0.034,459.0
940,939,2026-05-30T17:51:47,15.2,-0.022,0.003,0.022,465.9
941,940,2026-05-30T18:06:59,15.2,-0.027,0.007,0.028,417.6
942,941,2026-05-30T18:22:10,15.2,-0.01,-0.044,0.045,427.9
944,942,2026-05-30T18:37:33,15.4,0.005,-0.007,0.009,488.1
945,944,2026-05-30T18:52:44,15.2,0.003,-0.004,0.005,442.6
947,945,2026-05-30T19:08:05,15.4,-0.002,-0.016,0.016,445.4
948,947,2026-05-30T19:23:16,15.2,-0.005,0.005,0.007,449.9
951,948,2026-05-30T19:41:58,18.7,0.238,-0.497,0.551,252.9
952,951,2026-05-30T19:57:07,15.2,-0.011,-0.013,0.017,468.8
953,952,2026-05-30T20:12:17,15.2,-0.0,0.005,0.005,464.3
954,953,2026-05-30T20:27:30,15.2,0.002,0.027,0.027,460.1
956,954,2026-05-30T20:42:49,15.3,0.001,-0.004,0.004,539.5
957,956,2026-05-30T20:58:01,15.2,-0.014,0.021,0.026,562.8
958,957,2026-05-30T21:13:11,15.2,-0.023,0.007,0.024,541.3
959,958,2026-05-30T21:28:26,15.2,-0.014,0.011,0.018,523.2
960,959,2026-05-30T21:43:46,15.3,-0.022,0.027,0.034,529.2
964,963,2026-05-31T05:56:55,15.4,-0.042,0.069,0.08,420.7
965,964,2026-05-31T06:12:35,15.7,-0.078,0.093,0.122,353.8
966,965,2026-05-31T06:28:03,15.5,-0.072,0.058,0.093,309.6
967,966,2026-05-31T06:43:32,15.5,-0.083,0.033,0.089,325.9
968,967,2026-05-31T06:59:01,15.5,-0.066,0.023,0.07,454.1
969,968,2026-05-31T07:14:27,15.4,-0.049,0.07,0.085,461.0
970,969,2026-05-31T07:29:50,15.4,-0.077,0.058,0.096,441.5
971,970,2026-05-31T07:45:55,16.1,-0.052,0.061,0.08,430.3
972,971,2026-05-31T08:01:27,15.5,-0.001,0.022,0.022,537.7
973,972,2026-05-31T08:16:50,15.4,-0.052,0.034,0.063,451.1
974,973,2026-05-31T08:32:09,15.3,-0.048,0.041,0.064,455.3
975,974,2026-05-31T08:47:33,15.4,-0.052,-0.062,0.081,434.7
976,975,2026-05-31T09:03:01,15.5,-0.004,0.027,0.027,479.8
977,976,2026-05-31T09:18:21,15.3,-0.003,-0.059,0.059,380.8
978,977,2026-05-31T09:33:41,15.3,-0.014,-0.014,0.02,407.2
980,978,2026-05-31T09:49:18,15.6,0.076,-0.002,0.076,380.7
981,980,2026-05-31T10:04:37,15.3,0.031,-0.134,0.138,347.0
982,981,2026-05-31T10:19:56,15.3,0.06,-0.02,0.063,337.9
983,982,2026-05-31T10:35:16,15.3,0.152,-0.061,0.164,261.5
992,983,2026-05-31T11:34:49,59.6,1.719,-0.928,1.953,220.6
993,992,2026-05-31T11:49:58,15.1,0.014,0.0,0.014,457.8
994,993,2026-05-31T12:05:07,15.2,-0.006,0.0,0.006,434.9
995,994,2026-05-31T12:20:16,15.1,-0.01,-0.012,0.016,419.4
996,995,2026-05-31T12:35:28,15.2,0.009,-0.044,0.045,419.6
999,996,2026-05-31T12:58:08,22.7,0.38,-0.224,0.441,258.9
1000,999,2026-05-31T13:13:29,15.4,0.047,-0.045,0.065,435.5
1001,1000,2026-05-31T13:28:44,15.2,0.03,0.02,0.036,456.6
1002,1001,2026-05-31T13:44:07,15.4,0.041,-0.046,0.062,444.5
1003,1002,2026-05-31T13:59:24,15.3,0.009,-0.026,0.027,430.3
1005,1003,2026-05-31T14:26:49,27.4,-0.028,0.015,0.032,324.1
1006,1005,2026-05-31T14:42:01,15.2,-0.012,0.004,0.012,347.2
1008,1006,2026-05-31T14:57:43,15.7,0.007,0.007,0.009,462.1
1009,1008,2026-05-31T15:12:57,15.2,-0.016,0.015,0.022,467.1
1010,1009,2026-05-31T15:28:10,15.2,0.005,-0.017,0.018,481.2
1011,1010,2026-05-31T15:43:32,15.4,-0.029,-0.005,0.029,479.3
1012,1011,2026-05-31T15:59:01,15.5,0.002,0.03,0.03,453.5
1015,1012,2026-05-31T16:29:13,30.2,-0.341,0.096,0.354,337.1
1017,1015,2026-05-31T16:44:31,15.3,-0.01,0.023,0.025,462.0
1019,1017,2026-05-31T16:59:51,15.3,-0.026,0.001,0.026,458.0
1020,1019,2026-05-31T17:15:10,15.3,-0.009,0.003,0.009,284.7
1021,1020,2026-05-31T17:30:23,15.2,-0.012,-0.007,0.014,423.3
1022,1021,2026-05-31T17:45:33,15.2,-0.01,-0.009,0.014,478.6
1023,1022,2026-05-31T18:00:44,15.2,0.021,-0.036,0.042,418.3
1028,1023,2026-05-31T18:31:54,31.2,-5.017,-8.295,9.694,78.8
1030,1028,2026-05-31T18:57:50,25.9,0.036,-0.006,0.037,334.7
1031,1030,2026-05-31T19:12:58,15.1,-0.027,-0.03,0.041,404.0
1035,1031,2026-05-31T19:46:22,33.4,-0.017,0.053,0.056,304.0
1041,1035,2026-05-31T20:18:52,32.5,-0.138,0.283,0.316,255.2
1042,1041,2026-05-31T20:33:59,15.1,-0.048,0.008,0.049,377.7
1043,1042,2026-05-31T20:49:08,15.1,-0.046,-0.014,0.048,431.6
1044,1043,2026-05-31T21:04:16,15.1,-0.03,0.027,0.041,401.9
1045,1044,2026-05-31T21:19:24,15.1,-0.049,-0.001,0.049,375.3
1046,1045,2026-05-31T21:34:32,15.1,-0.041,0.007,0.042,458.5
1047,1046,2026-05-31T21:49:40,15.1,-0.036,0.011,0.038,420.5
1049,1047,2026-06-01T07:55:11,605.5,69.999,-51.034,86.628,6.6
1059,1049,2026-06-01T08:39:36,44.4,-90.053,40.022,98.546,7.5
1062,1059,2026-06-01T09:02:44,23.1,-5.023,10.074,11.257,68.0
1063,1062,2026-06-01T09:18:03,15.3,-0.018,-0.004,0.019,303.3
1065,1063,2026-06-01T09:48:41,30.6,0.189,-0.312,0.365,239.9
1070,1065,2026-06-01T10:28:34,39.9,0.169,0.046,0.176,324.6
1071,1070,2026-06-01T10:43:51,15.3,0.002,-0.073,0.073,360.2
1076,1071,2026-06-01T11:12:17,28.4,1.927,-0.973,2.159,240.0
1087,1076,2026-06-01T11:56:15,44.0,1.182,-0.409,1.251,186.4
1088,1087,2026-06-01T12:11:29,15.2,-0.023,0.03,0.038,345.2
1089,1088,2026-06-01T12:26:44,15.3,-0.038,0.036,0.053,336.9
1090,1089,2026-06-01T12:41:58,15.2,-0.031,-0.041,0.051,403.9
1091,1090,2026-06-01T12:57:13,15.2,-0.088,0.016,0.089,315.7
1092,1091,2026-06-01T13:12:28,15.3,-0.035,-0.022,0.042,374.5
1093,1092,2026-06-01T13:27:45,15.3,-0.058,0.004,0.058,355.1
1094,1093,2026-06-01T13:43:05,15.3,0.005,-0.015,0.016,342.6
1097,1096,2026-06-01T14:28:55,15.3,-0.036,0.003,0.036,431.1
1100,1099,2026-06-01T15:14:42,15.3,-0.054,-0.028,0.061,372.6
1101,1100,2026-06-01T15:30:00,15.3,-0.032,0.036,0.048,371.5
1102,1101,2026-06-01T15:45:19,15.3,0.037,-0.031,0.048,431.3
1107,1106,2026-06-01T17:01:44,15.3,-0.019,0.003,0.019,437.8
1108,1107,2026-06-01T17:17:01,15.3,0.017,0.002,0.017,385.7
1109,1108,2026-06-01T17:32:19,15.3,-0.01,-0.006,0.011,390.1
1110,1109,2026-06-01T17:47:37,15.3,-0.038,0.002,0.038,343.5
1111,1110,2026-06-01T18:02:58,15.3,-0.011,0.02,0.023,401.1
1112,1111,2026-06-01T18:18:18,15.3,-0.021,-0.02,0.029,417.6
1113,1112,2026-06-01T18:33:36,15.3,-0.007,-0.003,0.008,421.4
1114,1113,2026-06-01T18:48:58,15.4,-0.022,-0.022,0.031,444.5
1116,1114,2026-06-01T19:07:52,18.9,-0.009,0.015,0.017,453.7
1117,1116,2026-06-01T19:23:11,15.3,-0.021,-0.008,0.022,500.9
1118,1117,2026-06-01T19:38:31,15.3,-0.014,-0.003,0.014,483.5
1119,1118,2026-06-01T19:53:50,15.3,-0.013,0.01,0.017,435.5
1120,1119,2026-06-01T20:09:08,15.3,-0.01,-0.006,0.012,433.8
1121,1120,2026-06-01T20:24:25,15.3,-0.024,0.001,0.024,484.4
1122,1121,2026-06-01T20:39:47,15.4,-0.038,0.043,0.057,525.7
1123,1122,2026-06-01T20:55:12,15.4,-0.037,0.044,0.057,491.1
1124,1123,2026-06-01T21:10:33,15.3,-0.04,0.029,0.049,465.8
1125,1124,2026-06-01T21:25:52,15.3,-0.036,0.025,0.043,452.6
1126,1125,2026-06-01T21:41:19,15.4,-0.036,0.026,0.044,455.3
1127,1126,2026-06-02T05:08:22,447.0,-2.69,1.872,3.278,178.8
1128,1127,2026-06-02T05:23:34,15.2,0.012,0.002,0.012,455.9
1129,1128,2026-06-02T05:38:47,15.2,-0.024,0.022,0.032,472.7
1130,1129,2026-06-02T05:54:09,15.4,-0.026,0.018,0.032,510.1
1131,1130,2026-06-02T06:09:27,15.3,-0.012,0.015,0.019,455.3
1132,1131,2026-06-02T06:24:48,15.3,-0.012,0.004,0.012,541.6
1134,1132,2026-06-02T06:43:16,18.5,-0.004,0.006,0.007,531.0
1135,1134,2026-06-02T06:58:33,15.3,-0.014,0.001,0.014,516.5
1136,1135,2026-06-02T07:13:50,15.3,-0.023,-0.028,0.036,498.2
1137,1136,2026-06-02T07:29:02,15.2,0.021,0.015,0.026,508.6
1138,1137,2026-06-02T07:44:30,15.5,-0.022,-0.007,0.023,492.0
1139,1138,2026-06-02T07:59:48,15.3,0.001,-0.02,0.02,454.4
1140,1139,2026-06-02T08:15:12,15.4,-0.0,0.009,0.009,361.7
1147,1140,2026-06-02T08:50:34,35.4,0.257,-0.14,0.292,136.8
1166,1147,2026-06-02T10:08:52,78.3,0.947,-0.436,1.043,214.0
1173,1166,2026-06-02T10:36:42,27.8,0.127,-0.068,0.144,317.6
1174,1173,2026-06-02T10:52:00,15.3,-0.042,-0.086,0.096,213.3
1175,1174,2026-06-02T11:07:15,15.3,-0.021,0.039,0.045,324.0
1176,1175,2026-06-02T11:22:28,15.2,-0.072,0.061,0.094,320.6
1177,1176,2026-06-02T11:37:45,15.3,-0.127,0.072,0.146,367.5
1178,1177,2026-06-02T11:52:54,15.2,-0.136,0.104,0.171,378.1
1179,1178,2026-06-02T12:08:12,15.3,-0.146,0.102,0.178,372.4
1180,1179,2026-06-02T12:23:32,15.3,-0.064,0.049,0.081,440.5
1181,1180,2026-06-02T12:38:52,15.3,0.003,0.017,0.018,274.0
1186,1185,2026-06-02T13:55:08,15.2,-0.025,0.004,0.025,397.3
1206,1186,2026-06-02T15:28:23,93.2,0.255,-0.507,0.568,80.0
1207,1206,2026-06-02T15:43:37,15.2,0.02,0.046,0.05,341.3
1208,1207,2026-06-02T15:58:59,15.4,-0.027,0.02,0.033,395.8
1209,1208,2026-06-02T16:14:12,15.2,-0.006,0.07,0.071,277.9
1210,1209,2026-06-02T16:29:35,15.4,-0.177,0.162,0.24,208.9
1211,1210,2026-06-02T16:44:55,15.3,-0.08,0.107,0.133,365.6
1212,1211,2026-06-02T17:00:09,15.2,-0.078,0.064,0.101,415.9
1213,1212,2026-06-02T17:15:21,15.2,-0.07,0.048,0.085,475.9
1214,1213,2026-06-02T17:30:40,15.3,-0.063,0.054,0.083,519.5
1215,1214,2026-06-02T17:45:59,15.3,-0.082,0.071,0.109,436.3
1216,1215,2026-06-02T18:01:22,15.4,-0.049,0.088,0.101,479.8
1217,1216,2026-06-02T18:16:43,15.4,-0.017,0.06,0.062,451.2
1218,1217,2026-06-02T18:32:07,15.4,-0.04,0.03,0.05,514.4
1219,1218,2026-06-02T18:47:25,15.3,-0.052,0.066,0.084,398.3
1220,1219,2026-06-02T19:02:48,15.4,-0.037,0.053,0.064,442.3
1221,1220,2026-06-02T19:18:08,15.3,-0.041,0.039,0.057,414.0
1222,1221,2026-06-02T19:33:29,15.4,-0.041,0.042,0.058,539.6
1223,1222,2026-06-02T19:48:52,15.4,-0.028,0.039,0.048,475.7
1224,1223,2026-06-02T20:04:01,15.2,-0.07,0.069,0.099,385.4
1225,1224,2026-06-02T20:19:22,15.3,-0.055,0.063,0.084,267.7
1226,1225,2026-06-02T20:34:37,15.3,-0.02,-0.024,0.031,300.0
1227,1226,2026-06-02T20:49:52,15.2,-0.015,-0.02,0.026,446.5
1228,1227,2026-06-02T21:05:08,15.3,-0.026,-0.014,0.029,521.5
1229,1228,2026-06-02T21:20:18,15.2,-0.034,0.032,0.047,459.4
1230,1229,2026-06-02T21:35:36,15.3,-0.031,0.011,0.033,425.1
1231,1230,2026-06-02T21:50:46,15.2,-0.021,0.018,0.028,443.7
1232,1231,2026-06-03T05:07:22,436.6,-0.889,0.803,1.198,224.3
1233,1232,2026-06-03T05:22:38,15.3,0.046,-0.024,0.052,368.4
1234,1233,2026-06-03T05:37:52,15.2,-0.002,0.016,0.016,454.6
1235,1234,2026-06-03T05:53:13,15.4,-0.005,0.035,0.035,421.3
1236,1235,2026-06-03T06:08:25,15.2,-0.018,0.013,0.023,482.6
1237,1236,2026-06-03T06:23:35,15.2,-0.017,0.011,0.02,452.6
1238,1237,2026-06-03T06:38:49,15.2,-0.022,0.022,0.031,467.4
1239,1238,2026-06-03T06:53:59,15.2,-0.006,-0.003,0.007,467.0
1240,1239,2026-06-03T07:09:14,15.2,-0.004,0.029,0.029,465.4
1241,1240,2026-06-03T07:24:23,15.2,-0.006,-0.017,0.018,420.0
1242,1241,2026-06-03T07:39:33,15.2,-0.013,-0.011,0.017,459.9
1243,1242,2026-06-03T07:54:49,15.3,-0.009,-0.035,0.036,451.5
1244,1243,2026-06-03T08:10:09,15.3,0.033,-0.011,0.035,415.1
1245,1244,2026-06-03T08:25:29,15.3,0.029,-0.031,0.042,461.1
1246,1245,2026-06-03T08:40:46,15.3,0.029,-0.02,0.035,387.2
1247,1246,2026-06-03T08:56:07,15.3,0.03,-0.014,0.033,324.3
1248,1247,2026-06-03T09:11:22,15.3,0.104,-0.034,0.109,238.5
1251,1250,2026-06-03T09:57:22,15.4,0.159,-0.033,0.162,289.0
1252,1251,2026-06-03T10:12:38,15.3,0.118,-0.098,0.153,302.6
1254,1252,2026-06-03T10:33:00,20.4,0.272,-0.185,0.329,231.8
1258,1257,2026-06-03T11:32:19,15.4,0.023,0.043,0.049,408.5
1259,1258,2026-06-03T11:47:40,15.3,0.003,0.044,0.044,417.0
1260,1259,2026-06-03T12:02:58,15.3,0.081,-0.027,0.086,336.3
1261,1260,2026-06-03T12:18:08,15.2,0.084,-0.094,0.126,296.5
1262,1261,2026-06-03T12:33:20,15.2,0.139,-0.168,0.218,248.2
1263,1262,2026-06-03T12:48:34,15.2,-0.02,0.084,0.086,226.8
1269,1268,2026-06-03T13:52:57,15.2,-0.081,0.002,0.081,292.8
1270,1269,2026-06-03T14:08:05,15.1,0.058,0.007,0.059,248.5
1272,1270,2026-06-03T14:37:27,29.4,0.056,-0.127,0.138,240.0
1273,1272,2026-06-03T14:52:41,15.2,0.079,-0.064,0.101,334.0
1274,1273,2026-06-03T15:07:52,15.2,0.034,-0.067,0.075,373.3
1279,1274,2026-06-03T15:36:26,28.6,0.146,0.022,0.147,257.6
1280,1279,2026-06-03T15:51:43,15.3,0.0,-0.029,0.029,204.3
1281,1280,2026-06-03T16:06:57,15.2,0.026,-0.08,0.084,250.3
1284,1281,2026-06-03T16:36:24,29.4,0.063,-0.035,0.072,252.3
1288,1284,2026-06-03T17:03:00,26.6,0.005,-0.025,0.026,349.4
1289,1288,2026-06-03T17:18:14,15.2,0.073,0.017,0.075,347.2
1290,1289,2026-06-03T17:33:27,15.2,-0.026,-0.033,0.043,323.2
1297,1290,2026-06-03T18:38:35,65.1,0.055,-0.046,0.072,329.6
1298,1297,2026-06-03T18:53:47,15.2,-0.009,0.015,0.017,414.2
1299,1298,2026-06-03T19:09:01,15.2,0.013,0.029,0.032,371.1
1301,1299,2026-06-03T19:36:12,27.2,-0.069,0.028,0.074,320.6
1302,1301,2026-06-03T19:51:32,15.3,-0.125,0.042,0.132,325.5
1303,1302,2026-06-03T20:06:55,15.4,-0.125,0.05,0.135,316.6
1304,1303,2026-06-03T20:22:08,15.2,-0.104,0.058,0.119,412.6
1305,1304,2026-06-03T20:37:24,15.3,-0.104,0.061,0.121,412.4
1306,1305,2026-06-03T20:52:38,15.2,-0.146,0.069,0.161,398.0
1307,1306,2026-06-03T21:07:53,15.3,-0.055,0.046,0.072,427.3
1308,1307,2026-06-03T21:23:05,15.2,-0.059,0.068,0.091,429.9
1309,1308,2026-06-03T21:38:16,15.2,-0.064,0.073,0.098,349.8
1310,1309,2026-06-03T21:53:42,15.4,-0.037,-0.002,0.037,242.4
1311,1310,2026-06-04T05:06:21,432.7,-2.342,2.03,3.099,135.3
1312,1311,2026-06-04T05:21:37,15.3,0.009,0.022,0.024,427.9
1313,1312,2026-06-04T05:36:52,15.2,-0.004,0.008,0.009,447.1
1314,1313,2026-06-04T05:52:04,15.2,-0.004,0.019,0.02,485.5
1315,1314,2026-06-04T06:07:24,15.3,-0.029,0.02,0.035,455.0
1316,1315,2026-06-04T06:22:45,15.3,-0.009,-0.003,0.009,450.1
1317,1316,2026-06-04T06:38:01,15.3,-0.003,0.039,0.039,459.8
1318,1317,2026-06-04T06:53:17,15.3,-0.035,0.033,0.048,509.4
1319,1318,2026-06-04T07:08:36,15.3,-0.005,0.062,0.062,364.8
1320,1319,2026-06-04T07:23:48,15.2,-0.039,0.004,0.039,392.1
1321,1320,2026-06-04T07:39:00,15.2,-0.011,0.018,0.021,440.1
1323,1321,2026-06-04T08:07:22,28.4,-0.063,-0.002,0.063,373.3
1324,1323,2026-06-04T08:22:44,15.4,0.013,0.023,0.027,402.1
1325,1324,2026-06-04T08:38:00,15.3,-0.039,0.002,0.039,450.1
1326,1325,2026-06-04T08:53:09,15.2,-0.005,0.024,0.025,540.9
1327,1326,2026-06-04T09:08:25,15.3,-0.057,0.02,0.061,451.8
1328,1327,2026-06-04T09:23:42,15.3,0.05,-0.02,0.054,439.8
1329,1328,2026-06-04T09:38:55,15.2,0.015,-0.026,0.03,448.8
1330,1329,2026-06-04T09:54:17,15.4,-0.009,-0.044,0.045,449.6
1332,1330,2026-06-04T10:20:01,25.7,0.043,-0.086,0.096,404.0
1333,1332,2026-06-04T10:35:21,15.3,0.039,-0.057,0.069,416.2
1334,1333,2026-06-04T10:50:43,15.4,0.089,-0.071,0.114,351.0
1335,1334,2026-06-04T11:05:56,15.2,0.066,-0.084,0.107,381.1
1336,1335,2026-06-04T11:21:07,15.2,0.045,-0.013,0.047,444.2
1337,1336,2026-06-04T11:36:25,15.3,0.07,-0.013,0.071,436.5
1338,1337,2026-06-04T11:51:37,15.2,0.031,-0.054,0.062,462.1
1339,1338,2026-06-04T12:06:49,15.2,0.031,-0.009,0.033,377.3
1340,1339,2026-06-04T12:22:01,15.2,0.042,-0.053,0.068,356.1
1341,1340,2026-06-04T12:37:13,15.2,0.144,-0.026,0.146,298.8
1346,1345,2026-06-04T13:40:43,15.4,-0.017,0.06,0.062,284.5
1347,1346,2026-06-04T13:55:58,15.2,-0.016,0.15,0.151,244.4
1348,1347,2026-06-04T14:11:14,15.3,-0.095,0.006,0.095,338.2
1349,1348,2026-06-04T14:26:27,15.2,0.069,-0.05,0.085,350.0
1350,1349,2026-06-04T14:41:49,15.4,-0.001,-0.025,0.025,342.1
1352,1350,2026-06-04T14:57:23,15.6,0.028,0.074,0.079,336.9
1353,1352,2026-06-04T15:12:36,15.2,0.089,-0.028,0.093,351.4
1356,1353,2026-06-04T15:56:49,44.2,0.029,-0.129,0.132,220.7
1357,1356,2026-06-04T16:12:04,15.2,0.029,0.058,0.065,299.2
1358,1357,2026-06-04T16:27:21,15.3,0.013,-0.026,0.03,371.6
1359,1358,2026-06-04T16:42:39,15.3,0.021,-0.007,0.022,408.6
1360,1359,2026-06-04T16:57:58,15.3,-0.007,0.011,0.013,459.4
1361,1360,2026-06-04T17:13:10,15.2,-0.048,0.05,0.069,384.5
1362,1361,2026-06-04T17:28:34,15.4,-0.032,0.042,0.053,360.5
1363,1362,2026-06-04T17:43:56,15.4,0.004,-0.009,0.01,420.1
1364,1363,2026-06-04T17:59:11,15.2,-0.007,0.005,0.009,421.9
1365,1364,2026-06-04T18:14:22,15.2,-0.038,0.063,0.073,386.2
1366,1365,2026-06-04T18:29:35,15.2,-0.028,-0.016,0.033,391.5
1369,1366,2026-06-04T18:58:59,29.4,-0.019,0.035,0.04,376.7
1370,1369,2026-06-04T19:14:15,15.3,-0.013,-0.017,0.021,338.6
1371,1370,2026-06-04T19:29:29,15.2,-0.005,0.014,0.015,359.2
1372,1371,2026-06-04T19:44:48,15.3,-0.032,-0.005,0.033,420.5
1373,1372,2026-06-04T20:00:03,15.3,0.004,0.026,0.026,400.0
1375,1373,2026-06-04T20:15:22,15.3,-0.012,0.002,0.013,442.4
1376,1375,2026-06-04T20:30:41,15.3,-0.029,0.022,0.037,438.1
1377,1376,2026-06-04T20:45:52,15.2,0.01,-0.02,0.022,472.3
1378,1377,2026-06-04T21:01:08,15.3,-0.021,0.036,0.042,430.1
1379,1378,2026-06-04T21:16:20,15.2,-0.054,0.032,0.062,435.0
1380,1379,2026-06-04T21:31:36,15.3,-0.041,0.037,0.055,463.4
1381,1380,2026-06-04T21:46:49,15.2,-0.017,0.006,0.018,418.9
1384,1381,2026-06-05T05:05:26,438.6,-0.368,0.267,0.454,162.8
1385,1384,2026-06-05T05:20:43,15.3,0.041,-0.023,0.047,301.2
1388,1385,2026-06-05T05:49:41,29.0,0.047,0.001,0.047,432.4
1389,1388,2026-06-05T06:04:57,15.3,-0.002,-0.027,0.027,449.4
1390,1389,2026-06-05T06:20:20,15.4,0.005,-0.027,0.027,449.8
1391,1390,2026-06-05T06:35:37,15.3,0.019,0.052,0.055,350.0
1392,1391,2026-06-05T06:51:01,15.4,0.005,-0.026,0.027,418.7
1393,1392,2026-06-05T07:06:16,15.2,0.009,-0.02,0.022,423.1
1394,1393,2026-06-05T07:21:44,15.5,0.01,-0.016,0.019,393.5
1395,1394,2026-06-05T07:37:01,15.3,0.002,0.008,0.008,465.4
1396,1395,2026-06-05T07:52:25,15.4,-0.001,0.01,0.01,461.2
1397,1396,2026-06-05T08:07:37,15.2,-0.001,-0.019,0.02,453.9
1398,1397,2026-06-05T08:22:55,15.3,0.017,-0.049,0.052,435.0
1399,1398,2026-06-05T08:38:17,15.4,0.024,-0.007,0.025,436.0
1400,1399,2026-06-05T08:53:32,15.3,-0.012,-0.036,0.038,442.0
1401,1400,2026-06-05T09:08:50,15.3,0.003,-0.008,0.009,443.7
1402,1401,2026-06-05T09:24:09,15.3,0.037,0.019,0.042,385.9
1403,1402,2026-06-05T09:39:32,15.4,0.031,-0.053,0.061,352.9
1404,1403,2026-06-05T09:54:49,15.3,0.032,-0.012,0.034,431.3
1405,1404,2026-06-05T10:10:09,15.3,0.048,-0.029,0.056,454.7
1406,1405,2026-06-05T10:25:31,15.4,0.038,-0.04,0.055,418.0
1408,1406,2026-06-05T10:45:38,20.1,0.069,-0.034,0.077,398.5
1409,1408,2026-06-05T11:00:52,15.2,0.048,-0.071,0.085,328.0
1410,1409,2026-06-05T11:16:04,15.2,0.082,-0.042,0.092,413.6
1412,1410,2026-06-05T11:31:29,15.4,0.068,-0.06,0.09,403.7
1413,1412,2026-06-05T11:46:49,15.3,0.076,0.02,0.078,361.7
1414,1413,2026-06-05T12:02:15,15.4,0.073,-0.113,0.134,360.0
1415,1414,2026-06-05T12:17:35,15.3,0.15,-0.08,0.17,319.5
1418,1417,2026-06-05T13:03:37,15.4,0.119,-0.179,0.215,327.5
1419,1418,2026-06-05T13:18:58,15.4,0.088,0.028,0.092,391.0
1424,1419,2026-06-05T13:59:48,40.8,0.854,-0.455,0.968,191.4
1433,1424,2026-06-05T15:13:10,73.4,0.78,-0.42,0.886,136.1
1434,1433,2026-06-05T15:28:32,15.4,0.033,0.051,0.061,324.2
1435,1434,2026-06-05T15:43:54,15.4,0.026,-0.037,0.045,365.3
1436,1435,2026-06-05T15:59:13,15.3,0.02,0.013,0.024,384.3
1437,1436,2026-06-05T16:14:39,15.4,-0.007,-0.015,0.017,439.5
1438,1437,2026-06-05T16:29:58,15.3,-0.004,-0.036,0.036,389.0
1439,1438,2026-06-05T16:45:16,15.3,-0.069,0.059,0.091,325.0
1440,1439,2026-06-05T17:00:35,15.3,-0.103,0.118,0.156,301.1
1441,1440,2026-06-05T17:15:58,15.4,-0.086,0.074,0.114,342.2
1442,1441,2026-06-05T17:31:20,15.4,-0.097,-0.003,0.097,359.3
1444,1442,2026-06-05T17:47:15,15.9,-0.053,0.034,0.063,402.1
1445,1444,2026-06-05T18:02:40,15.4,-0.044,0.013,0.046,469.0
1446,1445,2026-06-05T18:17:58,15.3,-0.056,0.002,0.056,475.7
1447,1446,2026-06-05T18:33:21,15.4,-0.026,0.018,0.032,429.6
1448,1447,2026-06-05T18:48:40,15.3,-0.024,0.003,0.024,498.1
1449,1448,2026-06-05T19:03:54,15.2,-0.047,0.054,0.071,485.0
1450,1449,2026-06-05T19:19:17,15.4,-0.043,0.033,0.054,432.8
1451,1450,2026-06-05T19:34:40,15.4,-0.038,0.025,0.045,383.2
1452,1451,2026-06-05T19:49:59,15.3,-0.014,-0.022,0.026,435.4
1453,1452,2026-06-05T20:05:22,15.4,-0.003,-0.012,0.012,454.9
1454,1453,2026-06-05T20:20:39,15.3,-0.009,-0.017,0.019,438.0
1455,1454,2026-06-05T20:35:53,15.2,0.002,-0.024,0.024,471.4
1456,1455,2026-06-05T20:51:05,15.2,-0.013,-0.01,0.017,481.9
1457,1456,2026-06-05T21:06:31,15.4,0.005,0.017,0.018,532.4
1458,1457,2026-06-05T21:21:56,15.4,0.024,-0.031,0.039,491.7
1459,1458,2026-06-05T21:37:20,15.4,0.001,0.019,0.019,515.6
1460,1459,2026-06-05T21:52:46,15.4,0.013,-0.003,0.013,443.8
1461,1460,2026-06-06T05:05:16,432.5,-2.483,1.974,3.172,200.1
1464,1461,2026-06-06T05:21:45,16.5,0.014,-0.023,0.026,462.3
1465,1464,2026-06-06T05:37:07,15.4,-0.034,0.049,0.06,450.1
1466,1465,2026-06-06T05:52:24,15.3,-0.002,-0.009,0.01,457.3
1467,1466,2026-06-06T06:07:48,15.4,-0.011,0.014,0.017,534.9
1469,1467,2026-06-06T06:34:00,26.2,-0.018,-0.007,0.019,521.4
1470,1469,2026-06-06T06:49:26,15.4,0.003,-0.011,0.012,537.5
1471,1470,2026-06-06T07:04:43,15.3,0.0,0.023,0.023,537.5
1472,1471,2026-06-06T07:20:04,15.4,-0.014,-0.012,0.018,488.2
1473,1472,2026-06-06T07:35:22,15.3,-0.003,-0.054,0.054,451.1
1474,1473,2026-06-06T07:50:45,15.4,-0.011,-0.028,0.03,493.5
1475,1474,2026-06-06T08:06:07,15.4,-0.003,-0.021,0.022,397.3
1476,1475,2026-06-06T08:21:28,15.3,0.043,-0.075,0.086,350.3
1477,1476,2026-06-06T08:36:41,15.2,0.01,-0.061,0.062,415.8
1478,1477,2026-06-06T08:52:04,15.4,0.06,0.016,0.062,412.1
1479,1478,2026-06-06T09:07:21,15.3,0.097,-0.045,0.107,345.2
1481,1479,2026-06-06T09:35:36,28.3,0.08,-0.079,0.113,425.7
1484,1481,2026-06-06T10:10:49,35.2,0.274,-0.247,0.369,298.4
1485,1484,2026-06-06T10:26:05,15.3,0.118,-0.108,0.16,416.9
1489,1485,2026-06-06T11:02:35,36.5,0.81,-0.443,0.924,279.3
1490,1489,2026-06-06T11:17:46,15.2,0.259,-0.165,0.307,355.0
1491,1490,2026-06-06T11:33:03,15.3,0.258,-0.056,0.264,370.8
1492,1491,2026-06-06T11:48:19,15.3,0.483,-0.586,0.759,180.7
1495,1492,2026-06-06T12:14:26,26.1,0.703,-0.058,0.705,327.3
1496,1495,2026-06-06T12:29:40,15.2,0.15,-0.005,0.15,407.5
1497,1496,2026-06-06T12:44:58,15.3,0.038,-0.117,0.123,361.3
1565,1499,2026-06-06T15:51:34,156.1,1.112,-1.101,1.565,205.8
1566,1565,2026-06-06T16:06:57,15.4,0.022,-0.028,0.036,356.8
1567,1566,2026-06-06T16:22:18,15.3,-0.058,0.049,0.076,401.9
1569,1567,2026-06-06T16:41:44,19.4,-0.065,0.031,0.072,416.9
1570,1569,2026-06-06T16:57:00,15.3,-0.067,-0.025,0.072,411.0
1571,1570,2026-06-06T17:12:25,15.4,-0.053,-0.005,0.053,510.0
1572,1571,2026-06-06T17:27:44,15.3,-0.044,-0.012,0.046,534.2
1573,1572,2026-06-06T17:43:08,15.4,-0.046,0.017,0.049,476.7
1574,1573,2026-06-06T17:58:22,15.2,-0.051,0.073,0.089,389.0
1575,1574,2026-06-06T18:13:45,15.4,-0.136,0.071,0.154,404.7
1576,1575,2026-06-06T18:29:06,15.4,-0.171,0.09,0.194,364.8
1577,1576,2026-06-06T18:44:21,15.2,-0.13,0.05,0.139,437.1
1578,1577,2026-06-06T18:59:39,15.3,-0.12,0.074,0.14,472.5
1579,1578,2026-06-06T19:15:00,15.4,-0.089,0.019,0.091,473.8
1580,1579,2026-06-06T19:30:17,15.3,-0.128,0.04,0.134,384.0
1581,1580,2026-06-06T19:45:39,15.4,-0.099,0.077,0.125,398.4
1582,1581,2026-06-06T20:00:52,15.2,-0.088,0.061,0.107,440.1
1583,1582,2026-06-06T20:16:09,15.3,-0.087,0.092,0.127,458.1
1584,1583,2026-06-06T20:31:27,15.3,-0.076,0.044,0.088,476.4
1585,1584,2026-06-06T20:46:52,15.4,-0.077,0.055,0.094,490.4
1586,1585,2026-06-06T21:02:10,15.3,-0.079,0.048,0.092,496.5
1587,1586,2026-06-06T21:17:32,15.4,-0.064,0.041,0.076,462.7
1588,1587,2026-06-06T21:33:02,15.5,-0.073,0.053,0.09,361.6
1589,1588,2026-06-06T21:48:25,15.4,-0.049,0.025,0.055,446.2
1591,1589,2026-06-07T05:04:25,436.0,-0.689,0.108,0.697,199.4
1592,1591,2026-06-07T05:19:38,15.2,0.042,-0.025,0.049,340.9
1598,1592,2026-06-07T05:55:52,36.2,0.039,-0.038,0.055,421.5
1599,1598,2026-06-07T06:11:07,15.2,-0.007,0.012,0.014,468.4
1600,1599,2026-06-07T06:26:19,15.2,-0.006,-0.019,0.02,475.8
1601,1600,2026-06-07T06:41:44,15.4,0.004,-0.019,0.019,404.7
1602,1601,2026-06-07T06:56:59,15.2,0.001,0.018,0.018,406.7
1603,1602,2026-06-07T07:12:18,15.3,0.007,-0.042,0.042,392.3
1606,1603,2026-06-07T07:31:19,19.0,0.033,-0.063,0.071,423.5
1607,1606,2026-06-07T07:46:39,15.3,0.001,0.023,0.024,451.4
1608,1607,2026-06-07T08:02:02,15.4,-0.006,0.011,0.013,442.2
1609,1608,2026-06-07T08:17:19,15.3,-0.029,-0.025,0.039,450.8
1610,1609,2026-06-07T08:32:39,15.3,0.006,-0.008,0.011,450.9
1611,1610,2026-06-07T08:47:57,15.3,0.003,-0.008,0.009,468.5
1612,1611,2026-06-07T09:03:18,15.4,0.007,0.008,0.011,480.8
1613,1612,2026-06-07T09:18:39,15.3,0.018,0.015,0.023,427.2
1614,1613,2026-06-07T09:34:04,15.4,0.001,-0.021,0.021,435.7
1615,1614,2026-06-07T09:49:23,15.3,0.006,-0.015,0.016,479.4
1616,1615,2026-06-07T10:04:43,15.3,0.003,-0.026,0.026,480.9
1617,1616,2026-06-07T10:20:04,15.3,0.007,-0.018,0.02,424.9
1618,1617,2026-06-07T10:35:21,15.3,0.043,0.005,0.044,439.7
1619,1618,2026-06-07T10:50:48,15.5,0.01,-0.022,0.024,472.5
1620,1619,2026-06-07T11:06:09,15.4,0.035,-0.046,0.058,439.0
1621,1620,2026-06-07T11:21:26,15.3,0.033,-0.024,0.041,394.0
1622,1621,2026-06-07T11:36:40,15.2,0.029,-0.021,0.036,429.3
1623,1622,2026-06-07T11:52:00,15.3,0.023,-0.043,0.049,419.9
1624,1623,2026-06-07T12:07:24,15.4,0.051,-0.03,0.06,335.0
1625,1624,2026-06-07T12:22:49,15.4,0.035,-0.022,0.041,408.6
1626,1625,2026-06-07T12:38:10,15.3,0.075,-0.059,0.096,359.3
1628,1626,2026-06-07T12:56:21,18.2,0.12,-0.105,0.16,340.6
1629,1628,2026-06-07T13:11:41,15.3,0.084,-0.039,0.092,389.4
1630,1629,2026-06-07T13:26:59,15.3,0.08,0.014,0.081,402.5
1631,1630,2026-06-07T13:42:13,15.2,0.036,-0.064,0.073,388.9
1632,1631,2026-06-07T13:57:28,15.3,0.074,-0.091,0.118,398.6
1633,1632,2026-06-07T14:12:41,15.2,0.06,-0.038,0.071,445.9
1634,1633,2026-06-07T14:27:55,15.2,0.055,-0.003,0.055,385.7
1639,1638,2026-06-07T15:25:04,15.3,0.039,-0.024,0.045,471.3
1640,1639,2026-06-07T15:40:23,15.3,0.023,-0.015,0.028,504.6
1641,1640,2026-06-07T15:55:41,15.3,0.026,-0.009,0.028,502.1
1642,1641,2026-06-07T16:10:52,15.2,0.013,-0.009,0.016,488.4
1643,1642,2026-06-07T16:26:16,15.4,-0.044,-0.026,0.051,285.3
1644,1643,2026-06-07T16:41:31,15.3,0.022,0.025,0.034,400.9
1646,1644,2026-06-07T17:11:09,29.6,0.008,-0.003,0.008,417.2
1647,1646,2026-06-07T17:26:28,15.3,-0.006,-0.005,0.008,393.8
1648,1647,2026-06-07T17:41:50,15.4,-0.008,-0.031,0.032,467.4
1649,1648,2026-06-07T17:57:11,15.4,0.001,0.032,0.032,481.3
1650,1649,2026-06-07T18:12:25,15.2,-0.011,0.004,0.012,487.0
1651,1650,2026-06-07T18:27:43,15.3,-0.004,0.009,0.01,429.4
1652,1651,2026-06-07T18:43:00,15.3,-0.0,0.003,0.003,458.3
1653,1652,2026-06-07T18:58:20,15.3,-0.026,0.009,0.028,444.1
1658,1653,2026-06-07T19:25:25,27.1,0.017,-0.038,0.042,450.2
1659,1658,2026-06-07T19:40:44,15.3,-0.019,0.009,0.021,487.6
1661,1659,2026-06-07T20:04:51,24.1,-0.02,0.028,0.034,439.3
1662,1661,2026-06-07T20:20:09,15.3,-0.025,-0.008,0.027,412.0
1663,1662,2026-06-07T20:35:28,15.3,-0.028,0.035,0.045,485.2
1664,1663,2026-06-07T20:50:47,15.3,-0.015,0.001,0.015,546.1
1665,1664,2026-06-07T21:06:01,15.2,-0.025,0.014,0.029,556.0
1668,1665,2026-06-07T21:23:40,17.6,0.074,-0.027,0.078,476.1
1671,1668,2026-06-07T21:48:57,25.3,-0.017,0.031,0.036,484.5
1684,1671,2026-06-08T05:04:41,435.7,-11.09,-10.044,14.962,16.5
1685,1684,2026-06-08T05:20:10,15.5,-0.02,0.035,0.041,427.2
1687,1685,2026-06-08T05:46:01,25.9,-0.071,0.053,0.088,456.8
1688,1687,2026-06-08T06:01:40,15.6,-0.034,0.027,0.043,537.5
1689,1688,2026-06-08T06:17:14,15.6,-0.018,-0.017,0.025,546.3
1690,1689,2026-06-08T06:32:52,15.6,-0.039,-0.007,0.039,557.8
1691,1690,2026-06-08T06:48:43,15.8,-0.008,-0.02,0.022,552.7
1692,1691,2026-06-08T07:04:15,15.5,-0.003,-0.014,0.014,515.5
1693,1692,2026-06-08T07:19:44,15.5,-0.045,-0.013,0.047,550.4
1694,1693,2026-06-08T07:35:15,15.5,-0.003,-0.031,0.031,535.1
1695,1694,2026-06-08T07:50:49,15.6,-0.005,-0.046,0.046,488.7
1696,1695,2026-06-08T08:06:31,15.7,-0.017,-0.046,0.049,462.8
1698,1696,2026-06-08T08:26:01,19.5,-0.128,-0.062,0.143,288.1
1699,1698,2026-06-08T08:41:25,15.4,0.023,-0.071,0.075,338.5
1705,1699,2026-06-08T09:07:59,26.6,0.118,0.025,0.12,371.2
1706,1705,2026-06-08T09:23:22,15.4,0.006,-0.076,0.076,408.8
1707,1706,2026-06-08T09:39:07,15.8,0.037,-0.053,0.065,400.3
1708,1707,2026-06-08T09:54:30,15.4,0.066,-0.195,0.206,348.7
1709,1708,2026-06-08T10:09:50,15.3,-0.104,-0.032,0.109,364.4
1710,1709,2026-06-08T10:25:10,15.3,0.028,-0.042,0.05,379.8
1711,1710,2026-06-08T10:40:29,15.3,0.061,-0.07,0.093,447.6
1712,1711,2026-06-08T10:55:50,15.3,-0.016,-0.091,0.092,450.7
1713,1712,2026-06-08T11:11:11,15.4,0.025,-0.096,0.099,474.9
1714,1713,2026-06-08T11:26:41,15.5,0.006,-0.063,0.064,494.0
1715,1714,2026-06-08T11:42:07,15.4,0.06,-0.001,0.06,506.9
1716,1715,2026-06-08T11:57:45,15.6,0.038,-0.072,0.081,308.6
1717,1716,2026-06-08T12:13:13,15.5,0.043,-0.027,0.051,320.0
1721,1717,2026-06-08T12:46:41,33.5,-0.106,-0.028,0.109,391.0
1722,1721,2026-06-08T13:02:09,15.5,0.03,-0.05,0.058,414.1
1723,1722,2026-06-08T13:17:35,15.4,-0.015,-0.025,0.029,393.4
1724,1723,2026-06-08T13:32:59,15.4,0.011,0.016,0.019,478.4
1726,1724,2026-06-08T13:48:49,15.8,0.015,-0.057,0.059,494.6
1727,1726,2026-06-08T14:04:09,15.3,-0.052,-0.042,0.067,462.5
1728,1727,2026-06-08T14:19:39,15.5,-0.037,-0.024,0.044,460.8
1729,1728,2026-06-08T14:35:06,15.4,-0.022,-0.075,0.078,432.4
1730,1729,2026-06-08T14:50:28,15.4,-0.039,-0.032,0.05,441.1
1731,1730,2026-06-08T15:05:53,15.4,-0.015,0.001,0.015,451.7
1732,1731,2026-06-08T15:21:29,15.6,-0.03,-0.024,0.039,408.9
1733,1732,2026-06-08T15:37:00,15.5,-0.105,-0.001,0.105,406.8
1734,1733,2026-06-08T15:52:31,15.5,-0.07,-0.002,0.07,399.2
1735,1734,2026-06-08T16:07:54,15.4,-0.031,-0.02,0.037,426.4
1736,1735,2026-06-08T16:23:15,15.4,-0.143,-0.009,0.143,380.3
1737,1736,2026-06-08T16:38:41,15.4,-0.106,0.0,0.106,368.3
1738,1737,2026-06-08T16:54:10,15.5,-0.083,-0.042,0.093,420.0
1739,1738,2026-06-08T17:09:38,15.5,-0.145,-0.005,0.145,390.6
1740,1739,2026-06-08T17:25:02,15.4,-0.204,-0.037,0.207,345.7
1743,1740,2026-06-08T17:53:20,28.3,-0.773,-0.018,0.773,315.9
1745,1743,2026-06-08T18:22:11,28.8,-0.612,0.01,0.612,297.9
1747,1745,2026-06-08T18:41:57,19.8,-0.158,-0.032,0.162,349.9
1748,1747,2026-06-08T18:57:32,15.6,-0.215,0.024,0.216,323.8
1749,1748,2026-06-08T19:13:03,15.5,-0.146,0.0,0.146,340.5
1750,1749,2026-06-08T19:28:44,15.7,-0.199,0.011,0.199,370.9
1752,1750,2026-06-08T19:49:56,21.2,-0.324,-0.012,0.324,325.2
1754,1752,2026-06-08T20:09:03,19.1,-1.067,0.019,1.067,357.3
1755,1754,2026-06-08T20:24:25,15.4,-0.237,-0.01,0.237,368.8
1756,1755,2026-06-08T20:39:53,15.5,-0.244,0.02,0.245,398.1
1757,1756,2026-06-08T20:55:19,15.4,-0.304,0.029,0.306,347.1
1758,1757,2026-06-08T21:10:42,15.4,-0.976,0.034,0.977,376.6
1759,1758,2026-06-08T21:26:09,15.4,-1.094,0.163,1.106,240.8
1760,1759,2026-06-08T21:41:29,15.3,-1.044,0.186,1.06,272.9
1766,1765,2026-06-09T05:34:07,15.4,0.006,0.014,0.016,486.7
1767,1766,2026-06-09T05:49:29,15.4,0.001,0.008,0.008,380.4
1768,1767,2026-06-09T06:04:51,15.4,-0.015,0.009,0.017,449.6
1769,1768,2026-06-09T06:20:12,15.3,-0.01,0.025,0.027,473.1
1770,1769,2026-06-09T06:35:38,15.4,0.006,0.01,0.011,467.6
1771,1770,2026-06-09T06:51:02,15.4,-0.007,-0.012,0.013,469.4
1772,1771,2026-06-09T07:06:25,15.4,-0.005,0.022,0.023,457.7
1775,1772,2026-06-09T07:32:27,26.0,0.13,-0.034,0.134,420.2
1776,1775,2026-06-09T07:48:19,15.9,-0.035,0.008,0.036,476.2
1777,1776,2026-06-09T08:03:43,15.4,0.0,-0.007,0.007,361.7
1778,1777,2026-06-09T08:19:06,15.4,-0.001,-0.044,0.044,379.5
1780,1778,2026-06-09T08:34:58,15.9,0.02,-0.043,0.047,375.6
1781,1780,2026-06-09T08:50:25,15.5,0.023,-0.046,0.051,352.2
1782,1781,2026-06-09T09:05:56,15.5,0.025,-0.003,0.025,373.0
1783,1782,2026-06-09T09:21:18,15.4,0.021,-0.016,0.026,349.6
1786,1783,2026-06-09T09:38:37,17.3,0.125,-0.107,0.164,325.7
1787,1786,2026-06-09T09:55:10,16.5,0.066,-0.073,0.099,297.4
1788,1787,2026-06-09T10:10:54,15.7,0.156,-0.066,0.17,265.4
1789,1788,2026-06-09T10:26:28,15.6,0.161,-0.262,0.307,245.5
1790,1789,2026-06-09T10:41:50,15.4,0.18,-0.143,0.23,289.5
1805,1790,2026-06-09T11:34:49,53.0,2.544,-0.946,2.714,201.8
1806,1805,2026-06-09T11:50:11,15.4,0.18,-0.061,0.19,167.5
1807,1806,2026-06-09T12:05:42,15.5,0.171,-0.092,0.194,262.7
1808,1807,2026-06-09T12:21:54,16.2,0.222,-0.137,0.26,250.1
1809,1808,2026-06-09T12:37:20,15.4,0.111,-0.078,0.135,245.4
1812,1809,2026-06-09T13:10:30,33.2,0.109,-0.031,0.113,313.4
1815,1812,2026-06-09T13:40:09,29.7,0.047,-0.026,0.054,315.7
1816,1815,2026-06-09T13:55:54,15.8,0.054,-0.043,0.069,236.4
1817,1816,2026-06-09T14:11:37,15.7,0.002,-0.012,0.012,362.5
1821,1817,2026-06-09T14:39:22,27.8,0.047,-0.051,0.07,290.0
1836,1821,2026-06-09T15:20:53,41.5,0.049,-0.172,0.179,246.4
1837,1836,2026-06-09T15:36:31,15.6,0.003,-0.015,0.015,331.8
1838,1837,2026-06-09T15:52:12,15.7,0.047,-0.086,0.098,375.0
1839,1838,2026-06-09T16:07:49,15.6,-0.006,0.024,0.025,376.3
1840,1839,2026-06-09T16:23:18,15.5,0.016,-0.018,0.024,365.3
1841,1840,2026-06-09T16:38:51,15.5,-0.006,0.022,0.023,357.7
1842,1841,2026-06-09T16:54:12,15.4,-0.027,0.017,0.032,338.8
1843,1842,2026-06-09T17:09:36,15.4,-0.065,0.021,0.068,378.4
1844,1843,2026-06-09T17:24:57,15.3,-0.27,-0.203,0.338,251.9
1849,1844,2026-06-09T18:12:08,47.2,-0.93,0.146,0.941,235.6
1850,1849,2026-06-09T18:27:29,15.4,-0.078,-0.003,0.078,431.1
1851,1850,2026-06-09T18:42:54,15.4,-0.054,0.017,0.057,398.8
1852,1851,2026-06-09T18:58:16,15.4,-0.144,0.093,0.172,239.4
1853,1852,2026-06-09T19:13:36,15.3,-0.061,0.03,0.068,452.8
1854,1853,2026-06-09T19:29:00,15.4,-0.058,0.028,0.064,379.5
1856,1854,2026-06-09T19:52:14,23.2,-0.17,-0.046,0.176,316.2
1858,1856,2026-06-09T20:11:10,18.9,-0.051,0.046,0.069,398.5
1859,1858,2026-06-09T20:26:32,15.4,-0.016,0.011,0.019,420.5
1860,1859,2026-06-09T20:41:54,15.4,-0.017,0.016,0.023,449.9
1861,1860,2026-06-09T20:57:27,15.6,-0.047,0.007,0.047,417.9
1862,1861,2026-06-09T21:13:00,15.6,-0.016,0.034,0.038,444.1
1863,1862,2026-06-09T21:28:22,15.4,-0.036,0.06,0.07,390.9
1864,1863,2026-06-09T21:44:04,15.7,-0.053,0.015,0.055,376.0
1865,1864,2026-06-09T21:59:34,15.5,0.005,-0.005,0.007,350.2
1878,1865,2026-06-10T07:55:42,596.1,13.959,12.749,18.905,13.5
1880,1878,2026-06-10T08:14:37,18.9,-0.092,-0.006,0.092,354.0
1881,1880,2026-06-10T08:30:19,15.7,0.247,0.034,0.249,223.7
1884,1881,2026-06-10T08:59:06,28.8,-0.332,0.04,0.335,158.6
1887,1884,2026-06-10T09:36:14,37.1,0.055,-0.106,0.12,273.1
1889,1887,2026-06-10T10:05:35,29.3,0.159,0.009,0.159,273.3
1890,1889,2026-06-10T10:21:22,15.8,-0.142,-0.281,0.315,242.7
1895,1890,2026-06-10T10:50:02,28.7,0.138,0.025,0.14,271.2
1906,1895,2026-06-10T11:20:47,30.7,0.926,-0.444,1.027,199.7
1912,1906,2026-06-10T11:56:52,36.1,0.267,-0.247,0.364,210.6
1913,1912,2026-06-10T12:12:31,15.7,0.014,-0.013,0.019,398.7
1915,1913,2026-06-10T12:36:34,24.1,0.005,0.133,0.133,261.3
1916,1915,2026-06-10T12:52:12,15.6,-0.002,-0.081,0.081,357.1
1917,1916,2026-06-10T13:08:15,16.1,-0.02,0.024,0.031,306.0
1918,1917,2026-06-10T13:24:10,15.9,-0.071,0.017,0.073,246.3
1919,1918,2026-06-10T13:39:51,15.7,-0.045,-0.024,0.051,279.0
1920,1919,2026-06-10T13:56:15,16.4,0.03,-0.084,0.089,263.5
1922,1920,2026-06-10T14:19:32,23.3,-0.662,-0.166,0.683,223.1
1923,1922,2026-06-10T14:35:19,15.8,-0.014,0.002,0.014,368.1
1924,1923,2026-06-10T14:51:15,15.9,-0.017,0.101,0.103,350.1
1925,1924,2026-06-10T15:06:54,15.7,-0.111,0.122,0.165,340.3
1926,1925,2026-06-10T15:22:44,15.8,-0.129,0.045,0.136,373.8
1932,1926,2026-06-10T16:00:24,37.7,-2.265,-1.282,2.602,193.6
1933,1932,2026-06-10T16:16:13,15.8,-0.037,0.001,0.037,434.9
1936,1933,2026-06-10T16:44:23,28.2,-0.042,-0.039,0.057,386.6
1937,1936,2026-06-10T17:00:15,15.9,-0.036,-0.005,0.037,361.3
1938,1937,2026-06-10T17:16:05,15.8,-0.018,0.052,0.055,342.1
1939,1938,2026-06-10T17:32:03,16.0,-0.035,0.017,0.039,447.7
1940,1939,2026-06-10T17:48:01,16.0,-0.007,-0.03,0.031,433.2
1941,1940,2026-06-10T18:03:47,15.8,-0.036,0.039,0.053,400.6
1942,1941,2026-06-10T18:19:47,16.0,-0.092,0.071,0.116,342.8
1944,1942,2026-06-10T18:46:24,26.6,-0.741,-0.07,0.744,311.6
1945,1944,2026-06-10T19:01:54,15.5,-0.075,0.05,0.09,454.8
1946,1945,2026-06-10T19:17:20,15.4,-0.073,0.06,0.095,463.0
1947,1946,2026-06-10T19:33:14,15.9,-0.057,0.028,0.064,432.4
1948,1947,2026-06-10T19:48:36,15.4,-0.034,0.047,0.058,422.9
1949,1948,2026-06-10T20:04:23,15.8,-0.062,0.02,0.065,441.7
1950,1949,2026-06-10T20:19:53,15.5,-0.029,0.045,0.053,502.2
1951,1950,2026-06-10T20:35:30,15.6,-0.053,0.018,0.056,429.0
1952,1951,2026-06-10T20:51:30,16.0,-0.032,0.03,0.044,463.2
1953,1952,2026-06-10T21:07:16,15.8,-0.002,0.028,0.028,446.8
1954,1953,2026-06-10T21:22:46,15.5,-0.034,-0.748,0.748,378.1
1955,1954,2026-06-10T21:38:37,15.9,-0.075,0.04,0.085,453.1
1956,1955,2026-06-10T21:54:25,15.8,-0.055,0.031,0.063,425.3
1958,1956,2026-06-11T05:02:53,428.5,-2.797,2.284,3.611,161.4
1959,1958,2026-06-11T05:19:39,16.8,0.009,0.028,0.029,300.8
1960,1959,2026-06-11T05:53:42,34.1,0.225,-0.117,0.254,265.0
1961,1960,2026-06-11T06:11:00,17.3,-0.013,0.033,0.036,390.5
1962,1961,2026-06-11T06:28:21,17.4,0.035,-0.039,0.052,523.6
1963,1962,2026-06-11T06:44:49,16.5,0.031,-0.025,0.04,557.1
1964,1963,2026-06-11T07:00:57,16.1,-0.026,0.037,0.045,506.9
1965,1964,2026-06-11T07:16:24,15.5,-0.005,-0.021,0.021,346.2
1970,1965,2026-06-13T09:11:39,2995.2,9.393,1.038,9.45,34.0
1971,1970,2026-06-13T09:27:05,15.4,-0.044,-0.181,0.186,293.5
1972,1971,2026-06-13T09:42:27,15.4,-0.06,-0.041,0.073,295.7
1973,1972,2026-06-13T09:57:49,15.4,-0.018,-0.073,0.075,315.8
1976,1973,2026-06-13T20:42:56,645.1,18.731,-12.958,22.777,19.4
1978,1976,2026-06-13T20:58:36,15.7,0.047,0.036,0.059,413.1
1979,1978,2026-06-13T21:14:00,15.4,0.014,0.026,0.03,409.7
1980,1979,2026-06-13T21:29:24,15.4,0.029,0.016,0.033,414.4
1981,1980,2026-06-13T21:44:47,15.4,0.006,0.031,0.032,488.9
1982,1981,2026-06-13T22:00:10,15.4,0.004,0.038,0.038,444.1
1984,1982,2026-06-14T05:02:26,422.3,-1.059,0.88,1.377,265.0
1985,1984,2026-06-14T05:17:50,15.4,-0.022,0.036,0.042,366.3
1986,1985,2026-06-14T05:33:14,15.4,0.0,0.022,0.022,462.2
1988,1986,2026-06-14T05:56:06,22.9,-0.013,0.014,0.019,475.7
1989,1988,2026-06-14T06:11:28,15.4,-0.014,0.014,0.02,463.3
1992,1989,2026-06-14T06:36:26,25.0,-0.025,0.034,0.043,500.1
1993,1992,2026-06-14T06:51:48,15.4,-0.017,-0.005,0.018,525.8
2000,1993,2026-06-14T07:20:48,29.0,0.013,-0.014,0.019,422.7
2001,2000,2026-06-14T07:36:10,15.4,-0.033,0.002,0.033,425.6
2002,2001,2026-06-14T07:51:30,15.3,-0.004,0.01,0.011,457.1
2003,2002,2026-06-14T08:06:54,15.4,-0.022,-0.001,0.022,486.4
2004,2003,2026-06-14T08:22:16,15.4,0.005,-0.007,0.009,495.8
2005,2004,2026-06-14T08:37:38,15.4,0.008,-0.001,0.008,426.0
2006,2005,2026-06-14T08:52:57,15.3,0.003,-0.006,0.006,449.4
2007,2006,2026-06-14T09:08:19,15.4,0.04,-0.056,0.069,467.2
2008,2007,2026-06-14T09:23:38,15.3,0.033,-0.031,0.046,463.6
2009,2008,2026-06-14T09:38:57,15.3,0.034,-0.066,0.074,381.3
2010,2009,2026-06-14T09:54:17,15.3,0.064,-0.076,0.1,376.1
2011,2010,2026-06-14T10:09:34,15.3,0.115,0.003,0.115,291.3
2012,2011,2026-06-14T10:24:56,15.4,0.051,-0.014,0.053,288.0
2013,2012,2026-06-14T10:40:17,15.4,0.05,-0.062,0.08,397.7
2017,2013,2026-06-14T11:02:21,22.1,0.629,-0.127,0.642,245.6
2018,2017,2026-06-14T11:17:42,15.4,0.048,0.055,0.073,370.6
2019,2018,2026-06-14T11:33:02,15.3,0.021,0.025,0.033,388.0
2020,2019,2026-06-14T11:48:22,15.3,0.045,-0.12,0.128,332.0
2026,2020,2026-06-14T12:15:37,27.2,0.766,-0.723,1.053,225.4
2028,2026,2026-06-14T12:31:12,15.6,0.071,0.122,0.141,309.6
2029,2028,2026-06-14T12:46:30,15.3,0.042,0.037,0.056,315.8
2030,2029,2026-06-14T13:01:51,15.3,0.022,-0.043,0.048,285.9
2031,2030,2026-06-14T13:17:07,15.3,0.0,-0.046,0.046,389.6
2032,2031,2026-06-14T13:32:24,15.3,0.063,-0.043,0.076,377.9
2033,2032,2026-06-14T13:47:42,15.3,0.084,-0.123,0.149,330.1
2034,2033,2026-06-14T14:03:00,15.3,0.084,0.007,0.084,384.7
2035,2034,2026-06-14T14:18:18,15.3,0.024,0.018,0.03,387.7
2036,2035,2026-06-14T14:33:38,15.3,0.023,-0.025,0.034,320.1
2037,2036,2026-06-14T14:48:56,15.3,0.035,0.01,0.037,369.9
2038,2037,2026-06-14T15:04:13,15.3,0.025,-0.071,0.075,350.2
2039,2038,2026-06-14T15:19:34,15.3,0.065,0.018,0.068,391.8
2041,2039,2026-06-14T15:36:21,16.8,0.002,0.061,0.061,331.3
2042,2041,2026-06-14T15:51:38,15.3,0.009,0.016,0.019,381.9
2043,2042,2026-06-14T16:06:56,15.3,-0.007,0.002,0.008,418.4
2045,2043,2026-06-14T16:22:37,15.7,-0.015,0.03,0.034,392.9
2046,2045,2026-06-14T16:37:58,15.4,0.007,-0.064,0.064,414.0
2047,2046,2026-06-14T16:53:19,15.3,-0.001,-0.003,0.003,412.4
2049,2047,2026-06-14T17:08:56,15.6,0.005,-0.028,0.028,362.3
2051,2049,2026-06-14T17:24:37,15.7,0.002,0.014,0.014,421.3
2052,2051,2026-06-14T17:39:58,15.3,0.006,-0.004,0.008,411.1
2054,2052,2026-06-14T18:03:24,23.4,-0.021,-0.013,0.024,339.0
2057,2054,2026-06-14T18:20:26,17.0,0.008,-0.012,0.014,331.8
2058,2057,2026-06-14T18:35:43,15.3,-0.006,0.013,0.015,420.4
2060,2058,2026-06-14T18:51:19,15.6,-0.013,0.008,0.015,373.7
2061,2060,2026-06-14T19:06:37,15.3,0.01,-0.016,0.018,341.9
2062,2061,2026-06-14T19:21:58,15.4,0.006,0.01,0.012,388.3
2063,2062,2026-06-14T19:37:19,15.3,-0.046,0.051,0.069,313.7
2064,2063,2026-06-14T19:52:37,15.3,-0.007,-0.001,0.007,336.6
2065,2064,2026-06-14T20:07:56,15.3,-0.04,0.032,0.051,419.5
2066,2065,2026-06-14T20:23:18,15.4,-0.025,0.005,0.026,371.1
2067,2066,2026-06-14T20:38:41,15.4,-0.033,0.023,0.04,460.8
2068,2067,2026-06-14T20:54:03,15.4,-0.038,0.04,0.055,431.3
2079,2068,2026-06-14T21:47:43,53.7,-0.066,0.021,0.069,359.5
2080,2079,2026-06-14T22:03:03,15.3,-0.086,0.08,0.118,294.0
2081,2080,2026-06-15T05:02:24,419.3,-2.802,1.336,3.104,201.3
2082,2081,2026-06-15T05:17:46,15.4,-0.025,0.047,0.053,374.4
2083,2082,2026-06-15T05:33:09,15.4,-0.028,0.005,0.028,413.9
2084,2083,2026-06-15T05:48:30,15.3,-0.002,-0.009,0.01,435.2
2085,2084,2026-06-15T06:03:54,15.4,-0.018,0.033,0.038,508.2
2086,2085,2026-06-15T06:19:15,15.4,-0.01,0.01,0.014,511.4
2087,2086,2026-06-15T06:34:37,15.4,-0.015,0.01,0.018,559.5
2088,2087,2026-06-15T06:49:59,15.4,-0.021,0.001,0.021,506.4
2089,2088,2026-06-15T07:05:17,15.3,-0.01,-0.008,0.013,475.5
2090,2089,2026-06-15T07:20:36,15.3,-0.013,0.002,0.013,573.7
2091,2090,2026-06-15T07:35:56,15.3,-0.005,0.014,0.015,564.2
2092,2091,2026-06-15T07:51:18,15.4,0.003,0.003,0.004,495.0
2093,2092,2026-06-15T08:06:40,15.4,-0.01,-0.007,0.013,519.2
2094,2093,2026-06-15T08:21:59,15.3,-0.005,0.017,0.018,454.7
2097,2094,2026-06-15T08:50:08,28.1,0.107,-0.061,0.124,387.0
2098,2097,2026-06-15T09:05:29,15.3,0.003,-0.058,0.058,333.6
2099,2098,2026-06-15T09:20:50,15.4,-0.006,0.032,0.032,317.4
2100,2099,2026-06-15T09:36:11,15.3,0.016,-0.032,0.036,385.5
2101,2100,2026-06-15T09:51:32,15.4,-0.004,0.038,0.038,407.4
2102,2101,2026-06-15T10:06:55,15.4,0.02,-0.06,0.063,442.7
2103,2102,2026-06-15T10:22:13,15.3,0.019,-0.027,0.033,428.8
2104,2103,2026-06-15T10:37:32,15.3,0.005,0.018,0.018,381.5
2105,2104,2026-06-15T10:52:53,15.3,0.092,-0.156,0.181,331.6
2106,2105,2026-06-15T11:08:15,15.4,0.068,0.035,0.077,371.9
2107,2106,2026-06-15T11:23:35,15.3,0.027,0.0,0.027,303.7
2108,2107,2026-06-15T11:38:51,15.3,0.168,-0.347,0.385,218.6
2109,2108,2026-06-15T11:54:11,15.3,0.199,-0.067,0.21,334.5
2110,2109,2026-06-15T12:09:31,15.3,0.093,0.083,0.125,385.6
2111,2110,2026-06-15T12:24:52,15.3,0.008,0.067,0.068,402.0
2112,2111,2026-06-15T12:40:09,15.3,-0.021,0.041,0.046,465.7
2113,2112,2026-06-15T12:55:29,15.3,0.008,-0.006,0.01,454.8
2114,2113,2026-06-15T13:10:50,15.4,-0.001,-0.034,0.034,391.9
2115,2114,2026-06-15T13:26:12,15.4,-0.035,0.028,0.045,419.9
2117,2115,2026-06-15T13:41:58,15.8,0.049,-0.067,0.083,382.9
2119,2117,2026-06-15T13:57:40,15.7,0.007,0.005,0.009,373.3
2120,2119,2026-06-15T14:12:56,15.3,-0.001,-0.044,0.044,409.3
2124,2120,2026-06-15T14:45:27,32.5,0.052,-0.037,0.064,468.3
2125,2124,2026-06-15T15:00:45,15.3,0.022,-0.028,0.036,513.1
2126,2125,2026-06-15T15:16:06,15.3,0.028,-0.012,0.03,479.5
2127,2126,2026-06-15T15:31:25,15.3,-0.005,0.021,0.021,470.8
2128,2127,2026-06-15T15:46:47,15.4,-0.015,0.05,0.052,401.0
2129,2128,2026-06-15T16:02:06,15.3,0.014,-0.02,0.025,503.4
2133,2129,2026-06-15T16:38:52,36.8,0.104,-0.092,0.139,312.4
2134,2133,2026-06-15T16:54:14,15.4,0.016,0.014,0.021,482.9
2135,2134,2026-06-15T17:09:34,15.3,0.006,-0.009,0.01,456.5
2136,2135,2026-06-15T17:24:54,15.3,0.005,-0.027,0.028,512.6
2140,2136,2026-06-15T17:41:24,16.5,0.105,-0.044,0.114,415.8
2142,2140,2026-06-15T18:07:56,26.5,0.015,-0.001,0.015,421.1
2143,2142,2026-06-15T18:23:16,15.3,0.002,0.013,0.013,489.1
2144,2143,2026-06-15T18:38:35,15.3,0.005,0.029,0.029,504.2
2147,2144,2026-06-15T18:54:37,16.0,0.025,-0.025,0.035,474.2
2148,2147,2026-06-15T19:10:00,15.4,-0.013,0.002,0.013,437.4
2150,2148,2026-06-15T19:25:53,15.9,-0.002,0.003,0.003,416.6
2151,2150,2026-06-15T19:41:18,15.4,-0.009,0.007,0.011,489.5
2153,2151,2026-06-15T19:57:01,15.7,-0.025,0.021,0.032,417.3
2157,2153,2026-06-15T20:16:42,19.7,-0.002,-0.006,0.006,519.4
2159,2157,2026-06-15T20:43:28,26.8,-0.036,0.03,0.047,471.2
2160,2159,2026-06-15T20:58:49,15.3,-0.024,0.014,0.028,516.4
2161,2160,2026-06-15T21:14:12,15.4,-0.003,-0.031,0.031,454.1
2163,2161,2026-06-15T21:29:56,15.7,-0.023,0.033,0.04,528.5
2165,2163,2026-06-15T21:45:41,15.8,-0.039,0.029,0.049,554.3
2167,2165,2026-06-15T22:01:30,15.8,-0.034,0.035,0.049,419.6
2169,2167,2026-06-16T07:49:48,588.3,6.042,-207.926,208.014,7.0
2170,2169,2026-06-16T08:05:34,15.8,33.948,226.014,228.549,7.4
2171,2170,2026-06-16T08:21:08,15.6,-0.07,0.046,0.084,415.1
2172,2171,2026-06-16T08:36:38,15.5,-0.047,0.06,0.077,466.1
2175,2172,2026-06-16T09:01:00,24.4,0.005,0.016,0.016,459.3
2176,2175,2026-06-16T09:16:35,15.6,-0.025,0.012,0.027,350.8
2177,2176,2026-06-16T09:32:18,15.7,-0.032,0.01,0.034,434.9
2178,2177,2026-06-16T09:47:52,15.6,0.027,-0.047,0.055,395.6
2179,2178,2026-06-16T10:03:11,15.3,-0.007,-0.001,0.007,352.7
2180,2179,2026-06-16T10:18:31,15.3,0.011,-0.009,0.014,453.7
2181,2180,2026-06-16T10:33:55,15.4,0.038,-0.112,0.118,248.8
2183,2181,2026-06-16T10:51:10,17.2,0.168,-0.209,0.268,259.1
2189,2183,2026-06-16T11:19:24,28.2,0.981,-0.162,0.994,232.6
2190,2189,2026-06-16T11:34:53,15.5,-0.003,0.091,0.091,391.1
2191,2190,2026-06-16T11:50:21,15.5,-0.002,0.01,0.011,355.6
2192,2191,2026-06-16T12:05:57,15.6,-0.022,0.029,0.037,444.8
2193,2192,2026-06-16T12:22:12,16.2,-0.037,0.048,0.061,437.8
2194,2193,2026-06-16T12:37:37,15.4,0.016,-0.032,0.036,432.5
2195,2194,2026-06-16T12:53:12,15.6,-0.02,0.003,0.02,468.4
2197,2195,2026-06-16T13:16:41,23.5,0.112,-0.087,0.142,394.3
2198,2197,2026-06-16T13:32:04,15.4,0.003,0.043,0.043,426.1
2199,2198,2026-06-16T13:47:25,15.3,0.02,-0.007,0.021,485.6
2201,2199,2026-06-16T14:03:09,15.7,0.04,-0.111,0.118,423.8
2202,2201,2026-06-16T14:18:28,15.3,0.031,-0.034,0.046,445.4
2203,2202,2026-06-16T14:33:52,15.4,0.076,-0.04,0.086,410.6
2204,2203,2026-06-16T14:49:12,15.3,0.021,0.038,0.044,396.6
2206,2204,2026-06-16T15:04:57,15.8,0.036,-0.03,0.047,448.4
2208,2206,2026-06-16T15:20:42,15.8,0.029,-0.014,0.033,416.6
2209,2208,2026-06-16T15:36:02,15.3,0.013,-0.006,0.014,455.3
2211,2209,2026-06-16T15:51:39,15.6,0.025,0.009,0.027,408.3
2212,2211,2026-06-16T16:07:01,15.4,0.004,0.016,0.017,415.4
2214,2212,2026-06-16T16:23:03,16.0,0.008,0.014,0.016,404.3
2215,2214,2026-06-16T16:38:26,15.4,-0.017,0.032,0.036,423.2
2216,2215,2026-06-16T16:53:53,15.5,-0.002,-0.014,0.014,353.4
2217,2216,2026-06-16T17:09:19,15.4,-0.015,0.019,0.024,382.2
2218,2217,2026-06-16T17:24:51,15.5,0.022,-0.02,0.03,416.1
2219,2218,2026-06-16T17:40:14,15.4,0.007,-0.006,0.009,411.8
2221,2219,2026-06-16T18:09:14,29.0,0.017,0.008,0.019,378.8
2223,2221,2026-06-16T18:24:58,15.7,0.003,0.024,0.024,465.3
2224,2223,2026-06-16T18:40:19,15.4,-0.011,-0.014,0.018,409.1
2225,2224,2026-06-16T18:55:41,15.4,-0.015,0.034,0.037,484.2
2226,2225,2026-06-16T19:11:17,15.6,-0.037,0.03,0.048,475.2
2227,2226,2026-06-16T19:26:45,15.5,-0.029,0.025,0.038,479.1
2228,2227,2026-06-16T19:42:13,15.5,-0.042,0.035,0.054,467.8
2230,2228,2026-06-16T20:06:45,24.5,-0.077,0.066,0.102,381.7
2232,2230,2026-06-16T20:22:26,15.7,-0.042,0.022,0.048,423.0
2233,2232,2026-06-16T20:37:54,15.5,-0.056,0.04,0.069,471.8
2234,2233,2026-06-16T20:53:15,15.4,-0.084,0.08,0.115,359.8
2237,2234,2026-06-16T21:09:48,16.5,-0.043,0.055,0.069,393.3
2240,2237,2026-06-16T21:25:59,16.2,-0.049,0.041,0.064,552.2
2241,2240,2026-06-16T21:41:24,15.4,-0.087,0.061,0.106,524.3
2242,2241,2026-06-16T21:56:47,15.4,-0.057,0.04,0.07,406.0
2245,2242,2026-06-17T05:01:43,424.9,-3.054,2.597,4.008,217.0
2246,2245,2026-06-17T05:17:25,15.7,0.004,0.033,0.034,407.0
2247,2246,2026-06-17T05:32:56,15.5,-0.003,0.018,0.019,457.8
2248,2247,2026-06-17T05:48:31,15.6,-0.018,0.022,0.028,541.2
2249,2248,2026-06-17T06:05:54,17.4,-0.01,-0.018,0.02,541.8
2250,2249,2026-06-17T06:22:29,16.6,0.151,-0.075,0.168,449.1
2251,2250,2026-06-17T06:39:30,17.0,0.008,-0.018,0.02,555.2
2252,2251,2026-06-17T06:55:53,16.4,0.041,-0.069,0.08,502.2
2253,2252,2026-06-17T07:12:12,16.3,0.002,-0.041,0.041,407.4
2254,2253,2026-06-17T07:27:56,15.7,0.008,0.018,0.019,383.6
2255,2254,2026-06-17T07:43:20,15.4,-0.022,-0.028,0.035,506.5
2256,2255,2026-06-17T07:58:39,15.3,-0.013,-0.0,0.014,578.3
2257,2256,2026-06-17T08:14:06,15.4,-0.005,0.008,0.009,502.1
2258,2257,2026-06-17T08:29:42,15.6,-0.003,0.01,0.01,493.3
2259,2258,2026-06-17T08:45:13,15.5,0.046,-0.069,0.083,447.4
2260,2259,2026-06-17T09:01:23,16.2,0.037,-0.065,0.075,478.0
2261,2260,2026-06-17T09:16:52,15.5,0.159,-0.138,0.211,344.2
2262,2261,2026-06-17T09:32:21,15.5,0.106,-0.204,0.23,343.5
2263,2262,2026-06-17T09:48:12,15.9,0.156,-0.074,0.173,314.0
2264,2263,2026-06-17T10:03:35,15.4,0.11,-0.086,0.14,338.1
2265,2264,2026-06-17T10:18:59,15.4,0.165,-0.113,0.2,378.4
2266,2265,2026-06-17T10:34:20,15.3,0.148,-0.139,0.203,397.7
2267,2266,2026-06-17T10:49:42,15.4,0.107,-0.026,0.11,428.4
2268,2267,2026-06-17T11:05:03,15.4,0.087,-0.014,0.088,406.1
2269,2268,2026-06-17T11:20:22,15.3,0.041,-0.018,0.045,508.4
2270,2269,2026-06-17T11:35:41,15.3,0.053,0.037,0.065,398.0
2271,2270,2026-06-17T11:51:06,15.4,0.053,-0.059,0.079,445.9
2274,2271,2026-06-17T12:19:23,28.3,0.211,-0.736,0.766,289.7
2275,2274,2026-06-17T12:34:45,15.4,0.127,-0.017,0.129,315.4
2276,2275,2026-06-17T12:50:06,15.4,0.106,-0.006,0.106,375.7
2277,2276,2026-06-17T13:05:34,15.5,0.117,-0.068,0.135,398.1
2278,2277,2026-06-17T13:20:58,15.4,0.117,-0.094,0.15,412.5
2281,2278,2026-06-17T13:37:06,16.1,0.257,-0.188,0.318,284.5
2282,2281,2026-06-17T13:52:30,15.4,0.022,0.097,0.099,381.9
2283,2282,2026-06-17T14:07:50,15.3,-0.09,0.151,0.176,328.1
2284,2283,2026-06-17T14:23:08,15.3,-0.05,-0.001,0.05,290.9
2285,2284,2026-06-17T14:38:29,15.3,-0.054,-0.008,0.054,335.5
2286,2285,2026-06-17T14:53:46,15.3,-0.01,-0.0,0.011,370.1
2287,2286,2026-06-17T15:09:06,15.3,-0.001,0.008,0.008,272.5
2297,2287,2026-06-17T15:46:38,37.5,0.07,-0.027,0.075,272.1
2301,2297,2026-06-17T16:03:00,16.4,-0.015,-0.056,0.058,348.4
2302,2301,2026-06-17T16:18:24,15.4,-0.034,0.044,0.056,366.3
2304,2302,2026-06-17T16:34:10,15.8,-0.032,0.001,0.032,361.5
2305,2304,2026-06-17T16:49:30,15.3,-0.02,0.03,0.036,367.9
2306,2305,2026-06-17T17:04:52,15.4,-0.022,0.008,0.023,370.5
2307,2306,2026-06-17T17:20:17,15.4,-0.032,0.026,0.041,385.6
2308,2307,2026-06-17T17:35:36,15.3,0.002,-0.026,0.026,422.0
2309,2308,2026-06-17T17:51:04,15.5,0.014,-0.052,0.054,390.2
2310,2309,2026-06-17T18:06:26,15.4,-0.015,0.04,0.043,389.1
2311,2310,2026-06-17T18:21:51,15.4,0.009,-0.025,0.026,460.4
2315,2311,2026-06-17T18:55:47,33.9,0.242,-0.005,0.242,354.4
2316,2315,2026-06-17T19:11:10,15.4,-0.013,0.043,0.045,454.0
2317,2316,2026-06-17T19:26:28,15.3,-0.012,0.008,0.015,465.5
2321,2317,2026-06-17T19:47:32,21.1,-0.003,0.023,0.024,426.9
2322,2321,2026-06-17T20:02:54,15.4,-0.008,0.029,0.03,398.7
2323,2322,2026-06-17T20:18:24,15.5,-0.02,-0.002,0.02,430.2
2324,2323,2026-06-17T20:33:50,15.4,-0.013,0.021,0.025,413.6
2325,2324,2026-06-17T20:49:10,15.3,-0.037,0.022,0.043,528.7
2327,2325,2026-06-17T21:19:21,30.2,-0.049,0.085,0.098,414.6
2328,2327,2026-06-17T21:34:48,15.4,-0.05,0.034,0.06,539.1
2329,2328,2026-06-17T21:50:11,15.4,-0.039,0.048,0.062,509.3
2331,2329,2026-06-17T22:06:03,15.9,-0.045,0.056,0.072,417.9
2332,2331,2026-06-18T05:01:30,415.4,-2.327,2.197,3.201,194.6
2333,2332,2026-06-18T05:16:58,15.5,0.003,0.021,0.021,432.3
2334,2333,2026-06-18T05:32:23,15.4,-0.03,0.043,0.053,389.5
2335,2334,2026-06-18T05:47:49,15.4,0.001,-0.016,0.016,343.2
2336,2335,2026-06-18T06:03:11,15.4,-0.028,0.038,0.048,450.3
2337,2336,2026-06-18T06:18:40,15.5,-0.004,-0.009,0.01,484.7
2338,2337,2026-06-18T06:34:07,15.4,-0.012,0.014,0.018,537.8
2339,2338,2026-06-18T06:49:47,15.7,-0.01,-0.007,0.012,520.2
2340,2339,2026-06-18T07:05:20,15.6,-0.001,-0.028,0.028,509.7
2341,2340,2026-06-18T07:20:45,15.4,0.001,-0.018,0.018,360.0
2342,2341,2026-06-18T07:36:15,15.5,-0.01,-0.021,0.023,496.0
2343,2342,2026-06-18T07:51:36,15.3,0.04,-0.065,0.077,450.8
2346,2343,2026-06-18T08:24:09,32.6,0.145,-0.094,0.173,273.5
2347,2346,2026-06-18T08:39:36,15.4,0.057,-0.053,0.078,385.8
2348,2347,2026-06-18T08:55:01,15.4,0.084,-0.106,0.135,370.9
2349,2348,2026-06-18T09:10:28,15.5,0.115,-0.135,0.178,330.4
2350,2349,2026-06-18T09:25:51,15.4,0.185,-0.138,0.23,310.7
2351,2350,2026-06-18T09:41:13,15.4,0.186,-0.122,0.222,311.9
2352,2351,2026-06-18T09:56:51,15.6,0.22,-0.151,0.267,284.1
2353,2352,2026-06-18T10:12:13,15.4,0.347,-0.148,0.378,244.8
2354,2353,2026-06-18T10:27:32,15.3,0.199,-0.126,0.235,317.8
2356,2354,2026-06-18T10:43:19,15.8,0.29,-0.159,0.33,258.6
2357,2356,2026-06-18T10:58:46,15.5,0.205,-0.29,0.355,241.2
2359,2357,2026-06-18T11:16:13,17.5,1.172,-0.151,1.182,308.4
2361,2359,2026-06-18T11:32:09,15.9,0.357,-0.094,0.369,308.8
2362,2361,2026-06-18T11:47:32,15.4,0.162,-0.134,0.21,328.3
2363,2362,2026-06-18T12:02:54,15.4,0.107,-0.107,0.151,365.9
2364,2363,2026-06-18T12:18:19,15.4,0.019,-0.043,0.047,413.2
2365,2364,2026-06-18T12:33:46,15.4,0.044,-0.06,0.074,380.4
2366,2365,2026-06-18T12:49:15,15.5,0.022,-0.026,0.035,405.0
2367,2366,2026-06-18T13:04:37,15.4,-0.013,-0.023,0.026,380.1
2368,2367,2026-06-18T13:20:04,15.4,0.016,0.01,0.019,363.9
2369,2368,2026-06-18T13:35:24,15.3,0.029,-0.022,0.036,384.7
2371,2369,2026-06-18T14:05:05,29.7,-0.071,0.026,0.076,356.0
2372,2371,2026-06-18T14:20:28,15.4,-0.034,0.01,0.036,412.0
2373,2372,2026-06-18T14:35:53,15.4,-0.019,-0.02,0.028,344.1
2375,2373,2026-06-18T14:51:35,15.7,-0.017,-0.008,0.019,394.5
2377,2375,2026-06-18T15:07:13,15.6,-0.025,0.024,0.034,342.3
2378,2377,2026-06-18T15:22:34,15.3,-0.027,0.016,0.031,325.8
2380,2378,2026-06-18T15:38:10,15.6,0.029,-0.002,0.03,388.5
2381,2380,2026-06-18T15:53:30,15.3,-0.018,-0.016,0.025,399.1
2382,2381,2026-06-18T16:08:51,15.4,-0.039,0.027,0.048,384.2
2385,2382,2026-06-18T16:29:35,20.7,0.004,-0.023,0.023,443.4
2386,2385,2026-06-18T16:44:52,15.3,-0.013,0.01,0.016,455.6
2387,2386,2026-06-18T17:00:12,15.3,-0.001,0.001,0.002,447.2
2388,2387,2026-06-18T17:15:39,15.4,-0.031,0.026,0.041,338.7
2389,2388,2026-06-18T17:31:02,15.4,0.012,-0.047,0.048,364.4
2390,2389,2026-06-18T17:46:23,15.3,-0.018,0.026,0.031,453.0
2391,2390,2026-06-18T18:01:41,15.3,0.021,-0.024,0.032,455.0
2392,2391,2026-06-18T18:17:00,15.3,0.001,0.012,0.012,461.9
2393,2392,2026-06-18T18:32:17,15.3,-0.008,0.016,0.018,489.8
2395,2393,2026-06-18T18:47:54,15.6,0.019,-0.039,0.043,474.6
2396,2395,2026-06-18T19:03:21,15.5,0.012,-0.002,0.012,462.2
2397,2396,2026-06-18T19:18:49,15.5,-0.008,0.018,0.02,524.7
2398,2397,2026-06-18T19:34:12,15.4,-0.007,-0.001,0.007,547.5
2399,2398,2026-06-18T19:49:30,15.3,-0.011,0.012,0.016,449.2
2400,2399,2026-06-18T20:04:55,15.4,-0.009,0.006,0.011,506.5
2401,2400,2026-06-18T20:20:16,15.3,-0.01,0.011,0.015,544.1
2402,2401,2026-06-18T20:35:40,15.4,-0.016,0.003,0.016,398.9
2406,2402,2026-06-18T21:06:25,30.8,-0.056,0.027,0.062,491.4
2407,2406,2026-06-18T21:21:45,15.3,-0.048,0.034,0.059,549.3
2408,2407,2026-06-18T21:37:08,15.4,-0.063,0.042,0.076,419.5
2409,2408,2026-06-18T21:52:32,15.4,-0.123,0.098,0.157,257.1
2410,2409,2026-06-18T22:07:59,15.4,-0.054,0.028,0.061,408.0
2411,2410,2026-06-19T05:01:47,413.8,-2.05,1.705,2.667,163.4
2412,2411,2026-06-19T05:17:09,15.4,-0.033,0.038,0.05,330.9
2416,2412,2026-06-19T05:33:56,16.8,0.009,-0.018,0.02,313.0
2417,2416,2026-06-19T05:49:34,15.6,-0.039,0.011,0.041,481.8
2418,2417,2026-06-19T06:04:59,15.4,-0.02,0.015,0.025,493.4
2419,2418,2026-06-19T06:20:26,15.4,-0.057,0.054,0.079,448.3
2420,2419,2026-06-19T06:35:53,15.4,-0.013,-0.009,0.016,469.8
2421,2420,2026-06-19T06:51:31,15.6,-0.034,0.006,0.035,479.5
2422,2421,2026-06-19T07:07:07,15.6,0.001,-0.012,0.012,476.3
2423,2422,2026-06-19T07:22:26,15.3,-0.041,0.014,0.044,456.5
2424,2423,2026-06-19T07:37:55,15.5,-0.027,0.008,0.028,486.8
2425,2424,2026-06-19T07:53:23,15.5,-0.007,-0.022,0.023,411.9
2426,2425,2026-06-19T08:08:46,15.4,0.017,-0.05,0.052,406.3
2427,2426,2026-06-19T08:24:17,15.5,0.029,-0.074,0.079,323.1
2428,2427,2026-06-19T08:39:43,15.4,0.095,-0.137,0.167,292.8
2430,2428,2026-06-19T09:02:30,22.8,0.171,-0.154,0.23,220.5
2431,2430,2026-06-19T09:18:23,15.9,0.106,-0.109,0.152,405.2
2432,2431,2026-06-19T09:33:51,15.5,0.191,-0.076,0.205,340.1
2433,2432,2026-06-19T09:49:15,15.4,0.119,-0.111,0.163,373.9
2434,2433,2026-06-19T10:04:59,15.7,0.221,-0.142,0.263,311.7
2435,2434,2026-06-19T10:20:24,15.4,0.207,-0.096,0.228,342.0
2436,2435,2026-06-19T10:35:45,15.4,0.082,-0.097,0.127,344.2
2441,2436,2026-06-19T10:52:32,16.8,0.261,-0.123,0.288,299.2
2443,2441,2026-06-19T11:08:14,15.7,0.645,-0.371,0.744,230.7
2445,2443,2026-06-19T11:23:58,15.7,0.595,-0.032,0.596,307.8
2446,2445,2026-06-19T11:39:17,15.3,0.139,-0.094,0.167,385.2
2447,2446,2026-06-19T11:54:39,15.4,0.09,-0.188,0.208,346.3
2450,2447,2026-06-19T12:14:30,19.8,0.102,-0.084,0.132,375.4
2451,2450,2026-06-19T12:29:51,15.4,0.032,-0.037,0.049,419.5
2453,2451,2026-06-19T12:45:38,15.8,0.04,-0.063,0.074,372.5
2454,2453,2026-06-19T13:00:58,15.3,-0.007,-0.012,0.014,391.6
2455,2454,2026-06-19T13:16:18,15.3,0.025,-0.024,0.035,408.3
2456,2455,2026-06-19T13:31:35,15.3,-0.013,0.014,0.019,419.6
2457,2456,2026-06-19T13:46:55,15.3,0.014,-0.019,0.024,420.7
2458,2457,2026-06-19T14:02:20,15.4,-0.029,-0.011,0.031,380.9
2461,2458,2026-06-19T14:18:22,16.0,-0.023,-0.031,0.038,349.1
2462,2461,2026-06-19T14:33:41,15.3,-0.008,0.031,0.032,375.8
2463,2462,2026-06-19T14:49:06,15.4,-0.006,-0.032,0.032,317.6
2466,2463,2026-06-19T15:12:15,23.2,0.001,-0.002,0.003,429.7
2467,2466,2026-06-19T15:27:35,15.3,-0.008,0.017,0.019,416.6
2468,2467,2026-06-19T15:42:56,15.4,-0.004,0.015,0.016,468.0
2470,2468,2026-06-19T15:58:35,15.7,0.001,0.002,0.003,493.4
2471,2470,2026-06-19T16:14:05,15.5,0.003,-0.027,0.027,383.3
2472,2471,2026-06-19T16:29:28,15.4,-0.002,0.025,0.025,356.6
2473,2472,2026-06-19T16:44:51,15.4,-0.023,-0.019,0.03,342.7
2474,2473,2026-06-19T17:00:13,15.4,0.018,0.007,0.019,455.2
2475,2474,2026-06-19T17:15:30,15.3,-0.014,-0.005,0.015,499.8
2476,2475,2026-06-19T17:30:51,15.3,-0.003,0.035,0.035,443.2
2477,2476,2026-06-19T17:46:12,15.4,0.004,0.001,0.004,501.8
2478,2477,2026-06-19T18:01:33,15.4,-0.018,0.027,0.032,449.5
2479,2478,2026-06-19T18:16:54,15.3,-0.021,0.006,0.022,409.7
2480,2479,2026-06-19T18:32:15,15.3,-0.021,0.042,0.047,407.4
2481,2480,2026-06-19T18:47:37,15.4,-0.013,0.004,0.014,425.5
2482,2481,2026-06-19T19:03:00,15.4,-0.07,0.086,0.111,298.5
2485,2482,2026-06-19T19:26:25,23.4,-0.547,0.245,0.599,210.1
2486,2485,2026-06-19T19:41:46,15.3,-0.799,0.487,0.936,203.1
2487,2486,2026-06-19T19:57:12,15.4,-0.348,0.233,0.419,269.2
2488,2487,2026-06-19T20:12:35,15.4,-0.17,0.086,0.19,384.4
2489,2488,2026-06-19T20:27:59,15.4,-0.329,0.126,0.352,287.0
2490,2489,2026-06-19T20:43:21,15.4,-0.17,0.077,0.187,413.8
2491,2490,2026-06-19T20:58:41,15.3,-0.07,0.021,0.073,383.9
2493,2491,2026-06-19T21:14:26,15.7,-0.078,0.019,0.08,350.1
2494,2493,2026-06-19T21:29:48,15.4,-0.086,0.097,0.13,403.4
2495,2494,2026-06-19T21:45:16,15.5,-0.101,0.024,0.103,418.6
2496,2495,2026-06-19T22:00:44,15.5,-0.057,0.056,0.08,343.7
2497,2496,2026-06-20T05:01:24,420.7,-1.059,1.042,1.486,205.5
2498,2497,2026-06-20T05:16:48,15.4,0.017,0.009,0.019,291.0
2499,2498,2026-06-20T05:32:13,15.4,-0.011,0.023,0.025,366.1
2500,2499,2026-06-20T05:47:37,15.4,-0.001,0.004,0.004,410.6
2501,2500,2026-06-20T06:02:59,15.4,-0.015,0.02,0.025,422.7
2502,2501,2026-06-20T06:18:17,15.3,-0.006,-0.009,0.011,476.3
2503,2502,2026-06-20T06:33:42,15.4,-0.021,0.011,0.023,418.8
2504,2503,2026-06-20T06:49:09,15.4,0.009,0.001,0.009,371.8
2505,2504,2026-06-20T07:04:33,15.4,0.044,-0.066,0.08,424.0
2506,2505,2026-06-20T07:19:58,15.4,-0.013,0.028,0.031,371.9
2507,2506,2026-06-20T07:35:20,15.4,0.018,-0.023,0.029,448.6
2508,2507,2026-06-20T07:50:39,15.3,0.004,-0.026,0.027,394.2
2510,2508,2026-06-20T08:17:02,26.4,0.099,-0.181,0.206,281.7
2513,2510,2026-06-20T08:45:15,28.2,0.25,-0.113,0.274,264.4
2516,2513,2026-06-20T09:09:00,23.7,0.243,-0.138,0.28,263.0
2519,2516,2026-06-20T09:43:48,34.8,0.426,-0.308,0.526,183.4
2525,2519,2026-06-20T10:17:54,34.1,0.763,-0.382,0.854,185.5
2529,2525,2026-06-20T10:41:21,23.5,0.143,-0.11,0.18,293.6
2536,2529,2026-06-20T11:30:24,49.1,1.256,-0.65,1.414,213.9
2537,2536,2026-06-20T11:45:48,15.4,0.136,-0.121,0.182,356.4
2540,2537,2026-06-20T12:04:51,19.1,0.07,-0.064,0.095,405.6
2544,2540,2026-06-20T12:49:06,44.3,0.02,-0.08,0.082,355.3
2545,2544,2026-06-20T13:04:27,15.3,0.013,-0.023,0.026,409.5
2547,2545,2026-06-20T13:20:16,15.8,-0.036,0.019,0.041,401.8
2548,2547,2026-06-20T13:35:36,15.3,0.003,0.014,0.014,437.1
2549,2548,2026-06-20T13:51:00,15.4,-0.017,0.007,0.018,432.1
2553,2549,2026-06-20T14:07:18,16.3,-0.078,0.017,0.08,410.7
2554,2553,2026-06-20T14:22:38,15.3,-0.065,0.031,0.072,417.4
2555,2554,2026-06-20T14:38:02,15.4,-0.057,0.017,0.06,367.2
2556,2555,2026-06-20T14:53:21,15.3,-0.046,0.029,0.054,433.3
2557,2556,2026-06-20T15:08:40,15.3,-0.061,0.084,0.104,317.7
2558,2557,2026-06-20T15:23:59,15.3,-0.03,0.032,0.044,398.5
2559,2558,2026-06-20T15:39:18,15.3,-0.029,0.041,0.05,470.2
2560,2559,2026-06-20T15:54:42,15.4,-0.011,-0.014,0.018,406.6
2561,2560,2026-06-20T16:10:03,15.4,-0.006,0.003,0.007,459.7
2562,2561,2026-06-20T16:25:31,15.5,-0.015,0.027,0.03,484.9
2563,2562,2026-06-20T16:40:48,15.3,-0.003,0.025,0.025,452.2
2564,2563,2026-06-20T16:56:05,15.3,-0.02,0.03,0.036,492.7
2565,2564,2026-06-20T17:11:26,15.4,-0.015,0.011,0.019,505.3
2566,2565,2026-06-20T17:26:46,15.3,-0.029,0.012,0.031,552.2
2567,2566,2026-06-20T17:42:04,15.3,0.034,-0.007,0.035,429.5
2568,2567,2026-06-20T17:57:30,15.4,-0.052,0.022,0.056,435.8
2569,2568,2026-06-20T18:12:51,15.4,-0.01,0.008,0.012,571.2
2570,2569,2026-06-20T18:28:09,15.3,-0.011,0.023,0.025,551.2
2571,2570,2026-06-20T18:43:28,15.3,-0.03,0.02,0.036,521.4
2573,2571,2026-06-20T18:59:08,15.7,-0.023,0.026,0.035,517.7
2574,2573,2026-06-20T19:14:32,15.4,-0.049,0.02,0.053,435.1
2576,2574,2026-06-20T19:30:19,15.8,-0.024,0.021,0.032,530.1
2577,2576,2026-06-20T19:45:38,15.3,-0.071,0.056,0.091,454.5
2578,2577,2026-06-20T20:00:57,15.3,-0.05,0.037,0.063,556.0
2579,2578,2026-06-20T20:16:15,15.3,-0.051,0.035,0.062,549.7
2580,2579,2026-06-20T20:31:38,15.4,-0.019,0.026,0.032,526.2
2582,2580,2026-06-20T20:56:49,25.2,-0.06,0.045,0.075,471.9
2583,2582,2026-06-20T21:12:10,15.4,-0.026,0.006,0.027,441.9
2584,2583,2026-06-20T21:27:33,15.4,-0.041,0.034,0.053,541.2
2585,2584,2026-06-20T21:42:57,15.4,-0.054,0.069,0.087,466.8
2587,2585,2026-06-20T21:58:44,15.8,-0.033,0.023,0.04,506.1
2588,2587,2026-06-21T05:02:37,423.9,-2.966,2.833,4.102,124.1
2589,2588,2026-06-21T05:18:28,15.8,-0.036,0.045,0.057,273.6
2590,2589,2026-06-21T05:34:11,15.7,-0.023,0.028,0.036,449.0
2591,2590,2026-06-21T05:50:05,15.9,-0.006,0.022,0.022,408.3
2592,2591,2026-06-21T06:05:41,15.6,-0.017,0.016,0.024,567.8
2593,2592,2026-06-21T06:21:07,15.4,-0.041,0.022,0.046,531.1
2594,2593,2026-06-21T06:36:35,15.5,-0.021,0.037,0.043,548.6
2595,2594,2026-06-21T06:52:29,15.9,-0.037,0.011,0.039,501.3
2596,2595,2026-06-21T07:07:54,15.4,-0.012,0.014,0.018,479.5
2598,2596,2026-06-21T07:25:43,17.8,-0.041,0.041,0.058,491.6
2599,2598,2026-06-21T07:41:14,15.5,-0.008,0.019,0.021,424.1
2600,2599,2026-06-21T07:57:03,15.8,-0.027,-0.004,0.027,506.2
2601,2600,2026-06-21T08:12:31,15.5,0.02,-0.028,0.035,541.4
2602,2601,2026-06-21T08:28:01,15.5,0.024,-0.075,0.078,460.6
2603,2602,2026-06-21T08:43:28,15.4,0.011,-0.001,0.011,532.5
2604,2603,2026-06-21T08:58:57,15.5,0.012,-0.062,0.063,295.0
2605,2604,2026-06-21T09:14:56,16.0,0.074,-0.133,0.153,360.5
2606,2605,2026-06-21T09:30:20,15.4,0.185,-0.206,0.277,328.8
2607,2606,2026-06-21T09:45:46,15.4,0.164,-0.222,0.276,348.2
2608,2607,2026-06-21T10:01:13,15.4,0.173,-0.028,0.175,367.0
2610,2608,2026-06-21T10:17:13,16.0,0.397,-0.37,0.543,197.6
2611,2610,2026-06-21T10:32:36,15.4,0.367,-0.438,0.572,194.6
2612,2611,2026-06-21T10:48:01,15.4,0.382,-0.221,0.441,255.2
2616,2612,2026-06-21T11:18:39,30.6,1.079,-0.262,1.11,362.7
2617,2616,2026-06-21T11:34:07,15.5,0.153,-0.081,0.173,429.4
2618,2617,2026-06-21T11:49:32,15.4,0.168,-0.098,0.194,373.9
2619,2618,2026-06-21T12:04:58,15.4,0.048,-0.026,0.054,479.3
2620,2619,2026-06-21T12:20:27,15.5,0.07,-0.116,0.135,436.0
2621,2620,2026-06-21T12:35:51,15.4,0.063,-0.077,0.099,463.0
2622,2621,2026-06-21T12:51:10,15.3,0.026,-0.015,0.03,387.3
2623,2622,2026-06-21T13:06:33,15.4,-0.028,0.038,0.047,452.3
2625,2623,2026-06-21T13:22:17,15.7,0.039,-0.047,0.061,454.8
2626,2625,2026-06-21T13:37:39,15.4,0.011,-0.007,0.013,421.5
2628,2626,2026-06-21T13:53:23,15.7,-0.007,-0.015,0.017,450.9
2629,2628,2026-06-21T14:08:43,15.3,-0.034,0.056,0.066,430.6
2630,2629,2026-06-21T14:24:08,15.4,-0.007,-0.05,0.051,405.9
2631,2630,2026-06-21T14:39:28,15.3,-0.004,0.018,0.019,411.0
2634,2631,2026-06-21T14:55:27,16.0,-0.004,-0.04,0.04,447.1
2635,2634,2026-06-21T15:10:54,15.4,-0.001,0.004,0.004,394.6
2636,2635,2026-06-21T15:26:18,15.4,-0.011,0.043,0.044,461.3
2637,2636,2026-06-21T15:41:42,15.4,-0.003,0.009,0.009,503.3
2638,2637,2026-06-21T15:57:07,15.4,0.015,-0.034,0.037,408.8
2639,2638,2026-06-21T16:12:32,15.4,-0.008,0.001,0.009,491.2
2641,2639,2026-06-21T16:28:15,15.7,-0.001,0.017,0.017,512.6
2642,2641,2026-06-21T16:43:37,15.4,-0.016,0.011,0.02,526.6
2643,2642,2026-06-21T16:59:00,15.4,-0.022,0.024,0.032,550.3
2644,2643,2026-06-21T17:14:19,15.3,-0.025,0.033,0.042,484.1
2648,2644,2026-06-21T17:30:54,16.6,0.144,-0.046,0.152,239.6
2650,2648,2026-06-21T17:49:12,18.3,0.014,0.035,0.038,353.1
2653,2650,2026-06-21T18:14:45,25.6,-0.019,0.022,0.029,415.9
2654,2653,2026-06-21T18:30:11,15.4,0.005,0.002,0.005,489.8
2655,2654,2026-06-21T18:45:42,15.5,-0.023,0.023,0.032,455.6
2656,2655,2026-06-21T19:01:14,15.5,-0.007,-0.022,0.023,404.5
2657,2656,2026-06-21T19:16:43,15.5,-0.001,0.009,0.009,506.8
2658,2657,2026-06-21T19:32:12,15.5,-0.011,0.021,0.024,485.0
2659,2658,2026-06-21T19:47:36,15.4,-0.025,0.02,0.032,470.2
2660,2659,2026-06-21T20:03:02,15.4,-0.057,0.068,0.089,379.3
2661,2660,2026-06-21T20:18:21,15.3,-0.025,0.009,0.027,435.8
2662,2661,2026-06-21T20:33:42,15.4,-0.025,0.034,0.042,458.6
2663,2662,2026-06-21T20:49:02,15.3,-0.015,-0.007,0.017,413.4
2665,2663,2026-06-21T21:11:30,22.5,-0.037,0.02,0.042,429.4
2666,2665,2026-06-21T21:26:56,15.4,-0.067,0.073,0.099,295.5
2667,2666,2026-06-21T21:42:19,15.4,-0.028,0.008,0.029,390.3
2668,2667,2026-06-21T21:58:12,15.9,-0.028,0.046,0.054,388.5
2669,2668,2026-06-22T05:02:38,424.4,-2.744,2.602,3.782,184.4
2670,2669,2026-06-22T05:18:11,15.6,-0.013,0.04,0.042,397.6
2671,2670,2026-06-22T05:33:37,15.4,-0.022,0.025,0.034,543.7
2672,2671,2026-06-22T05:49:15,15.6,-0.038,0.009,0.039,503.0
2673,2672,2026-06-22T06:04:45,15.5,-0.018,0.046,0.05,433.3
2674,2673,2026-06-22T06:20:14,15.5,-0.023,0.013,0.027,461.8
2675,2674,2026-06-22T06:35:43,15.5,-0.047,0.047,0.066,415.1
2676,2675,2026-06-22T06:51:12,15.5,-0.015,0.009,0.017,512.4
2677,2676,2026-06-22T08:14:13,83.0,0.64,-0.844,1.059,179.8
2678,2677,2026-06-22T08:29:35,15.4,-0.005,-0.055,0.055,344.0
2679,2678,2026-06-22T08:44:59,15.4,0.051,-0.037,0.063,311.2
2680,2679,2026-06-22T09:00:24,15.4,0.087,-0.158,0.18,280.8
2681,2680,2026-06-22T09:15:46,15.4,0.048,-0.083,0.096,314.1
2682,2681,2026-06-22T09:31:08,15.4,0.121,-0.154,0.195,279.3
2683,2682,2026-06-22T09:46:28,15.3,0.191,-0.162,0.251,281.0
2684,2683,2026-06-22T10:01:50,15.4,0.217,-0.132,0.254,270.5
2685,2684,2026-06-22T10:17:15,15.4,0.223,-0.107,0.247,272.0
2686,2685,2026-06-22T10:32:35,15.3,0.15,-0.118,0.191,288.1
2687,2686,2026-06-22T10:47:53,15.3,0.161,-0.164,0.23,284.1
2688,2687,2026-06-22T11:03:13,15.3,0.695,-0.823,1.077,208.1
2689,2688,2026-06-22T11:18:34,15.4,0.97,0.121,0.978,326.0
2690,2689,2026-06-22T11:33:55,15.3,0.262,-0.123,0.29,289.7
2691,2690,2026-06-22T11:49:15,15.3,0.062,-0.104,0.122,336.7
2693,2691,2026-06-22T12:05:49,16.6,0.088,-0.087,0.123,344.0
2694,2693,2026-06-22T12:21:15,15.4,0.042,-0.068,0.08,359.2
2695,2694,2026-06-22T12:36:40,15.4,-0.024,-0.006,0.025,358.9
2696,2695,2026-06-22T12:52:02,15.4,-0.013,-0.005,0.014,368.7
2697,2696,2026-06-22T13:07:22,15.3,-0.019,0.008,0.02,376.6
2698,2697,2026-06-22T13:22:43,15.3,-0.035,-0.004,0.035,365.9
2700,2698,2026-06-22T13:38:22,15.7,-0.051,0.014,0.053,361.2
2701,2700,2026-06-22T13:53:46,15.4,-0.023,0.01,0.025,391.0
2702,2701,2026-06-22T14:09:10,15.4,-0.012,0.002,0.013,385.1
2703,2702,2026-06-22T14:24:30,15.3,-0.046,0.028,0.054,355.8
2704,2703,2026-06-22T14:39:52,15.4,-0.034,0.017,0.038,378.4
2705,2704,2026-06-22T14:55:15,15.4,-0.019,-0.016,0.025,369.0
2707,2705,2026-06-22T15:10:57,15.7,-0.008,-0.005,0.01,425.4
2708,2707,2026-06-22T15:26:14,15.3,-0.023,0.028,0.036,405.7
2709,2708,2026-06-22T15:41:30,15.3,-0.018,0.011,0.021,441.9
2710,2709,2026-06-22T15:56:49,15.3,-0.019,0.023,0.029,433.9
2712,2710,2026-06-22T16:23:16,26.4,0.045,0.053,0.069,424.4
2713,2712,2026-06-22T16:38:33,15.3,-0.039,0.004,0.039,447.7
2715,2713,2026-06-22T16:54:11,15.6,-0.041,0.015,0.043,479.8
2716,2715,2026-06-22T17:09:29,15.3,-0.032,-0.002,0.032,475.6
2717,2716,2026-06-22T17:24:51,15.4,-0.01,-0.011,0.014,400.8
2718,2717,2026-06-22T17:40:09,15.3,-0.043,0.062,0.075,400.3
2719,2718,2026-06-22T17:55:34,15.4,-0.023,-0.002,0.023,441.1
2720,2719,2026-06-22T18:11:02,15.5,-0.032,0.025,0.041,438.1
2721,2720,2026-06-22T18:26:30,15.5,0.001,-0.005,0.005,415.0
2722,2721,2026-06-22T18:41:51,15.4,-0.037,0.032,0.049,444.4
2723,2722,2026-06-22T18:57:12,15.3,-0.031,0.034,0.046,458.9
2726,2723,2026-06-22T19:21:40,24.5,-0.045,-0.005,0.045,446.4
2729,2726,2026-06-22T19:50:35,28.9,-0.033,0.014,0.036,367.8
2732,2729,2026-06-22T20:14:39,24.1,-0.064,0.075,0.099,418.3
2733,2732,2026-06-22T20:29:59,15.3,-0.031,0.035,0.046,463.2
2735,2733,2026-06-22T20:55:20,25.4,-0.023,0.044,0.049,440.8
2736,2735,2026-06-22T21:10:41,15.3,-0.036,0.021,0.042,443.6
2739,2736,2026-06-22T21:48:40,38.0,-0.136,0.144,0.198,338.5
2741,2739,2026-06-22T22:04:23,15.7,-0.018,0.021,0.027,401.6
2744,2741,2026-06-23T05:02:20,418.0,-23.134,14.665,27.391,59.6
2746,2744,2026-06-23T05:17:56,15.6,-0.01,0.031,0.033,405.4
2748,2746,2026-06-23T05:33:30,15.6,-0.009,-0.009,0.013,550.0
2753,2748,2026-06-23T05:58:08,24.6,-0.017,0.005,0.018,552.4
2755,2753,2026-06-23T06:13:40,15.5,-0.044,0.062,0.076,415.8
2756,2755,2026-06-23T06:28:54,15.2,-0.037,0.018,0.041,530.2
2761,2756,2026-06-23T06:52:18,23.4,-0.027,-0.046,0.054,447.2
2762,2761,2026-06-23T07:07:35,15.3,-0.027,0.02,0.034,457.7
2763,2762,2026-06-23T07:22:49,15.2,-0.045,0.006,0.045,425.3
2770,2763,2026-06-23T07:48:40,25.8,0.111,-0.245,0.269,300.9
2772,2770,2026-06-23T08:04:14,15.6,0.005,-0.0,0.005,505.8
2773,2772,2026-06-23T08:19:30,15.3,-0.006,0.017,0.018,569.1
2774,2773,2026-06-23T08:34:48,15.3,0.002,-0.01,0.011,562.4
2775,2774,2026-06-23T08:50:05,15.3,0.036,-0.118,0.123,392.4
2776,2775,2026-06-23T09:05:20,15.3,0.047,-0.072,0.086,468.3
2777,2776,2026-06-23T09:20:38,15.3,0.057,-0.02,0.06,428.9
2778,2777,2026-06-23T09:35:58,15.3,0.038,-0.004,0.038,498.1
2779,2778,2026-06-23T09:51:11,15.2,-0.009,-0.004,0.009,512.3
2780,2779,2026-06-23T10:06:28,15.3,0.012,-0.058,0.059,425.9
2781,2780,2026-06-23T10:21:43,15.2,0.032,-0.063,0.07,359.7
2782,2781,2026-06-23T10:36:58,15.3,0.03,-0.03,0.042,404.1
2786,2782,2026-06-23T11:01:57,25.0,0.614,-0.678,0.915,217.8
2787,2786,2026-06-23T11:17:13,15.3,0.275,-0.213,0.348,276.7
2789,2787,2026-06-23T11:32:46,15.5,0.185,0.005,0.185,381.1
2791,2789,2026-06-23T11:48:18,15.5,0.048,-0.079,0.092,380.8
2792,2791,2026-06-23T12:03:35,15.3,0.077,-0.044,0.089,427.9
2793,2792,2026-06-23T12:18:54,15.3,0.184,-0.656,0.681,251.2
2794,2793,2026-06-23T12:34:09,15.3,0.15,-0.094,0.177,332.2
2795,2794,2026-06-23T12:49:24,15.3,0.106,-0.021,0.108,391.3
2796,2795,2026-06-23T13:04:40,15.3,-1.038,-2.01,2.262,367.6
2801,2796,2026-06-23T13:24:39,20.0,-0.86,-1.622,1.836,272.3
2802,2801,2026-06-23T13:39:54,15.2,0.004,-0.008,0.009,446.0
2803,2802,2026-06-23T13:55:11,15.3,0.01,-0.006,0.012,481.6
2804,2803,2026-06-23T14:10:25,15.2,-0.004,-0.093,0.093,420.0
2805,2804,2026-06-23T14:25:38,15.2,0.007,-0.003,0.007,438.6
2807,2805,2026-06-23T14:41:07,15.5,0.001,-0.019,0.019,402.0
2809,2807,2026-06-23T14:56:37,15.5,-0.014,0.021,0.025,411.3
2810,2809,2026-06-23T15:11:51,15.2,0.007,-0.004,0.008,446.0
2811,2810,2026-06-23T15:27:08,15.3,0.027,-0.033,0.042,423.4
2813,2811,2026-06-23T15:42:41,15.5,0.011,0.022,0.025,391.1
2814,2813,2026-06-23T15:57:55,15.2,0.009,-0.002,0.009,453.8
2815,2814,2026-06-23T16:13:13,15.3,0.001,-0.04,0.04,395.9
2816,2815,2026-06-23T16:28:30,15.3,-0.008,-0.01,0.013,462.5
2817,2816,2026-06-23T16:43:49,15.3,-0.019,0.019,0.027,402.9
2818,2817,2026-06-23T16:59:05,15.3,-0.002,-0.034,0.034,454.1
2819,2818,2026-06-23T17:14:21,15.3,0.0,-0.012,0.012,445.7
2821,2819,2026-06-23T17:29:56,15.6,0.051,-0.062,0.08,378.6
2822,2821,2026-06-23T17:45:13,15.3,-0.012,0.002,0.013,439.6
2823,2822,2026-06-23T18:00:30,15.3,-0.028,0.018,0.033,379.3
2824,2823,2026-06-23T18:15:48,15.3,-0.008,0.03,0.031,492.2
2826,2824,2026-06-23T18:31:33,15.8,-0.021,-0.007,0.022,438.6
2827,2826,2026-06-23T18:46:50,15.3,0.008,-0.022,0.023,443.4
2828,2827,2026-06-23T19:02:06,15.3,-0.006,-0.003,0.007,514.4
2829,2828,2026-06-23T19:17:22,15.3,-0.015,-0.002,0.015,523.4
2831,2829,2026-06-23T19:32:55,15.6,-0.008,0.025,0.026,482.4
2832,2831,2026-06-23T19:48:11,15.3,-0.024,0.002,0.024,514.8
2833,2832,2026-06-23T20:03:25,15.2,-0.038,0.044,0.058,449.8
2835,2833,2026-06-23T20:18:52,15.5,-0.02,0.028,0.035,523.0
2836,2835,2026-06-23T20:34:08,15.3,-0.015,-0.022,0.027,447.0
2840,2836,2026-06-23T21:12:37,38.5,-0.131,0.088,0.158,305.1
2842,2840,2026-06-23T21:28:12,15.6,-0.03,0.032,0.044,546.3
2843,2842,2026-06-23T21:43:28,15.3,-0.034,-0.025,0.042,386.2
2844,2843,2026-06-23T21:58:44,15.3,-0.071,0.092,0.116,389.4
2846,2844,2026-06-24T05:02:20,423.6,-2.96,2.096,3.627,329.5
2847,2846,2026-06-24T05:17:40,15.3,-0.001,0.002,0.002,349.6
2848,2847,2026-06-24T05:33:00,15.3,-0.019,0.019,0.027,575.6
2849,2848,2026-06-24T05:48:21,15.3,-0.018,0.002,0.018,524.4
2850,2849,2026-06-24T06:03:37,15.3,-0.033,0.057,0.066,422.7
2851,2850,2026-06-24T06:18:57,15.3,-0.01,-0.028,0.029,478.3
2852,2851,2026-06-24T06:34:12,15.3,-0.033,0.042,0.053,431.1
2853,2852,2026-06-24T06:49:28,15.3,-0.011,-0.006,0.013,551.6
2854,2853,2026-06-24T07:04:46,15.3,0.007,-0.043,0.044,489.1
2856,2854,2026-06-29T08:02:37,7257.8,30.071,-85.043,90.203,8.9
2858,2856,2026-06-29T08:22:19,19.7,33.002,59.01,67.611,7.5
2859,2858,2026-06-29T08:37:31,15.2,-0.157,-0.033,0.16,294.1
2860,2859,2026-06-29T08:52:46,15.3,-0.104,-0.085,0.134,362.5
2863,2860,2026-06-29T09:10:20,17.6,-0.118,0.117,0.167,267.7
2864,2863,2026-06-29T09:25:33,15.2,-0.06,0.054,0.08,419.5
2865,2864,2026-06-29T09:40:46,15.2,-0.06,0.015,0.062,463.4
2866,2865,2026-06-29T09:56:01,15.3,-0.047,-0.013,0.048,469.7
2867,2866,2026-06-29T10:11:16,15.2,-0.061,-0.202,0.211,311.2
2868,2867,2026-06-29T10:26:28,15.2,-0.104,-0.188,0.214,325.8
2869,2868,2026-06-29T10:41:43,15.2,0.005,-0.153,0.153,377.3
2871,2869,2026-06-29T11:06:18,24.6,-0.077,-0.872,0.876,353.1
2872,2871,2026-06-29T11:21:33,15.3,0.035,-0.129,0.133,413.1
2873,2872,2026-06-29T11:36:48,15.2,-0.002,-0.781,0.781,322.3
2874,2873,2026-06-29T11:52:03,15.3,-0.054,-0.161,0.17,345.2
2875,2874,2026-06-29T12:07:18,15.2,-0.008,-0.268,0.268,363.3
2876,2875,2026-06-29T12:22:33,15.2,-0.027,-0.039,0.048,403.6
2879,2876,2026-06-29T12:56:41,34.1,-0.049,-0.051,0.071,365.8
2881,2879,2026-06-29T13:26:49,30.1,-0.001,-0.108,0.108,333.1
2883,2881,2026-06-29T13:43:24,16.6,-0.058,0.025,0.063,343.6
2884,2883,2026-06-29T13:58:39,15.3,0.002,-0.011,0.011,367.9
2885,2884,2026-06-29T14:13:52,15.2,-0.029,-0.027,0.04,340.2
2886,2885,2026-06-29T14:29:05,15.2,-0.038,0.006,0.038,362.0
2887,2886,2026-06-29T14:44:18,15.2,-0.02,-0.028,0.034,375.5
2888,2887,2026-06-29T14:59:31,15.2,-0.377,-0.054,0.381,277.6
2889,2888,2026-06-29T15:14:44,15.2,-0.042,-0.057,0.071,374.2
2890,2889,2026-06-29T15:29:57,15.2,0.019,0.0,0.019,415.0
2891,2890,2026-06-29T15:45:13,15.3,0.213,-0.033,0.216,348.6
2892,2891,2026-06-29T16:00:28,15.3,0.007,-0.075,0.076,387.4
2893,2892,2026-06-29T16:15:43,15.3,0.001,-0.02,0.02,370.2
2894,2893,2026-06-29T16:30:56,15.2,-0.237,-0.018,0.237,318.8
2896,2894,2026-06-29T16:57:22,26.4,0.01,-0.054,0.055,398.4
2897,2896,2026-06-29T17:12:35,15.2,0.007,-0.042,0.043,434.7
2898,2897,2026-06-29T17:27:48,15.2,0.223,0.053,0.229,368.0
2899,2898,2026-06-29T17:43:01,15.2,-0.307,-0.034,0.309,354.1
2900,2899,2026-06-29T17:58:14,15.2,0.007,0.004,0.008,465.5
2901,2900,2026-06-29T18:13:29,15.3,0.011,-0.044,0.046,391.1
2906,2901,2026-06-29T18:36:11,22.7,-0.006,-0.018,0.019,482.3
2907,2906,2026-06-29T18:51:27,15.3,0.001,-0.002,0.003,505.4
2908,2907,2026-06-29T19:06:42,15.3,0.152,0.024,0.154,444.1
2909,2908,2026-06-29T19:21:57,15.3,0.007,0.028,0.029,480.0
2911,2909,2026-06-29T19:47:02,25.1,0.001,0.002,0.002,512.9
2913,2911,2026-06-29T20:11:46,24.7,-0.009,0.026,0.028,411.7
2914,2913,2026-06-29T20:26:59,15.2,0.003,0.004,0.005,462.8
2915,2914,2026-06-29T20:42:15,15.3,-0.249,-0.023,0.25,339.7
2917,2915,2026-06-29T21:01:43,19.5,-0.023,0.006,0.024,480.6
2918,2917,2026-06-29T21:16:59,15.3,-0.016,0.054,0.056,367.2
2919,2918,2026-06-29T21:32:14,15.2,0.174,0.091,0.196,422.8
2920,2919,2026-06-29T21:47:29,15.2,0.01,0.014,0.018,520.6
2921,2920,2026-06-29T22:02:44,15.3,0.007,0.007,0.01,333.5
2925,2921,2026-06-30T05:05:18,422.6,-1.84,2.804,3.354,234.8
2927,2925,2026-06-30T05:20:51,15.5,-0.044,0.025,0.051,408.4
2928,2927,2026-06-30T05:36:07,15.3,-0.036,0.041,0.054,545.6
2930,2928,2026-06-30T06:01:38,25.5,-0.047,0.069,0.083,511.2
2931,2930,2026-06-30T06:16:55,15.3,-0.045,0.011,0.046,366.7
2932,2931,2026-06-30T06:32:08,15.2,-0.04,0.012,0.042,456.6
2933,2932,2026-06-30T06:47:21,15.2,-0.015,0.005,0.016,468.0
2934,2933,2026-06-30T07:02:37,15.3,-0.014,0.009,0.016,448.2
2937,2934,2026-06-30T07:18:26,15.8,-0.034,0.023,0.041,459.5
2941,2937,2026-06-30T07:34:20,15.9,-0.016,-0.011,0.02,540.1
2944,2941,2026-06-30T07:50:01,15.7,-0.035,-0.027,0.044,417.6
2946,2944,2026-06-30T08:17:17,27.3,-0.955,-0.086,0.959,358.7
2947,2946,2026-06-30T08:32:32,15.3,-0.027,-0.067,0.072,394.4
2949,2947,2026-06-30T08:49:12,16.7,0.012,-0.017,0.021,436.1
2950,2949,2026-06-30T09:04:25,15.2,0.006,-0.1,0.1,439.3
2951,2950,2026-06-30T09:19:39,15.2,0.009,-0.01,0.014,476.8
2952,2951,2026-06-30T09:34:53,15.2,-0.021,-0.063,0.066,470.6
2953,2952,2026-06-30T09:50:11,15.3,0.012,-0.154,0.155,326.1
2954,2953,2026-06-30T10:05:27,15.3,0.016,-0.349,0.349,302.8
2955,2954,2026-06-30T10:20:44,15.3,0.064,-0.049,0.08,402.3
2956,2955,2026-06-30T10:36:02,15.3,0.034,-0.109,0.115,419.1
2957,2956,2026-06-30T10:51:18,15.3,0.015,-0.194,0.194,387.3
2958,2957,2026-06-30T11:06:35,15.3,0.02,-0.281,0.281,350.7
2959,2958,2026-06-30T11:21:52,15.3,-0.04,-0.167,0.172,409.6
2960,2959,2026-06-30T11:37:08,15.3,0.008,0.071,0.072,425.9
2961,2960,2026-06-30T11:52:23,15.3,-0.165,-0.293,0.337,253.2
2962,2961,2026-06-30T12:07:36,15.2,-0.118,-0.087,0.146,236.5
2963,2962,2026-06-30T12:22:54,15.3,0.041,0.058,0.071,334.4
2965,2963,2026-06-30T12:48:51,25.9,0.654,-0.092,0.66,303.0
2966,2965,2026-06-30T13:04:08,15.3,0.027,-0.093,0.097,392.9
2967,2966,2026-06-30T13:19:28,15.3,-0.094,-0.067,0.116,358.1
2968,2967,2026-06-30T13:34:46,15.3,-0.196,-0.034,0.199,368.5
2969,2968,2026-06-30T13:50:02,15.3,-0.05,-0.023,0.055,387.4
2970,2969,2026-06-30T14:05:14,15.2,-0.027,0.021,0.035,366.0
2971,2970,2026-06-30T14:20:31,15.3,0.044,0.026,0.052,369.3
2972,2971,2026-06-30T14:35:48,15.3,0.01,-0.033,0.034,440.8
2974,2972,2026-06-30T14:59:21,23.6,-0.04,-0.003,0.04,417.7
2979,2974,2026-06-30T15:25:57,26.6,0.035,-0.038,0.051,288.4
2980,2979,2026-06-30T15:41:14,15.3,0.056,0.018,0.059,341.8
2981,2980,2026-06-30T15:56:30,15.3,-0.025,-0.022,0.033,355.3
2982,2981,2026-06-30T16:11:47,15.3,0.019,0.032,0.038,379.0
2983,2982,2026-06-30T16:27:02,15.3,-0.01,0.014,0.017,409.0
2985,2983,2026-06-30T16:56:56,29.9,0.137,0.007,0.137,401.0
2986,2985,2026-06-30T17:12:14,15.3,-0.199,-0.03,0.201,373.4
2987,2986,2026-06-30T17:27:30,15.3,0.007,0.017,0.018,446.3
2988,2987,2026-06-30T17:42:45,15.3,0.007,0.041,0.041,477.7
2989,2988,2026-06-30T17:58:04,15.3,0.004,0.004,0.006,457.0
2991,2989,2026-06-30T18:19:47,21.7,0.091,0.067,0.113,451.5
2992,2991,2026-06-30T18:35:04,15.3,0.003,-0.019,0.019,430.1
2993,2992,2026-06-30T18:50:20,15.3,-0.059,0.018,0.062,417.9
2994,2993,2026-06-30T19:05:40,15.3,0.005,0.038,0.038,436.2
2995,2994,2026-06-30T19:20:57,15.3,-0.02,0.04,0.045,487.1
2996,2995,2026-06-30T19:36:18,15.4,-0.252,0.008,0.252,416.7
2997,2996,2026-06-30T19:51:35,15.3,-0.004,-0.006,0.007,495.7
2998,2997,2026-06-30T20:06:50,15.3,0.13,0.043,0.137,439.6
2999,2998,2026-06-30T20:22:05,15.2,-0.012,-0.012,0.017,461.3
3002,2999,2026-06-30T21:00:56,38.9,-0.025,0.096,0.099,448.4
3003,3002,2026-06-30T21:16:16,15.3,-0.001,-0.039,0.039,408.0
3004,3003,2026-06-30T21:31:36,15.3,-0.01,0.064,0.064,345.6
3005,3004,2026-06-30T21:46:53,15.3,-0.008,0.078,0.078,426.4
3006,3005,2026-06-30T22:02:12,15.3,-0.009,0.054,0.054,433.8
3008,3006,2026-07-01T05:06:22,424.2,-1.858,2.804,3.364,214.8
3009,3008,2026-07-01T05:21:52,15.5,-0.028,0.009,0.029,325.3
3010,3009,2026-07-01T05:37:16,15.4,-0.011,-0.009,0.014,492.2
3012,3010,2026-07-01T06:05:18,28.0,-0.048,0.026,0.055,489.4
3013,3012,2026-07-01T06:20:49,15.5,-0.004,-0.016,0.017,518.9
3014,3013,2026-07-01T06:36:06,15.3,0.003,0.013,0.014,530.7
3015,3014,2026-07-01T06:51:25,15.3,-0.011,0.01,0.015,459.5
3017,3015,2026-07-01T07:19:18,27.9,0.01,-0.008,0.013,476.6
3019,3017,2026-07-01T07:36:10,16.9,-0.006,-0.005,0.008,414.2
3020,3019,2026-07-01T07:51:25,15.3,-0.022,-0.008,0.024,409.9
3021,3020,2026-07-01T08:06:45,15.3,-0.006,-0.06,0.06,394.6
3022,3021,2026-07-01T08:22:19,15.6,-0.015,-0.086,0.088,377.3
3023,3022,2026-07-01T08:37:37,15.3,-0.013,-0.079,0.08,336.8
3030,3023,2026-07-01T09:09:11,31.6,0.014,-0.12,0.121,294.7
3031,3030,2026-07-01T09:24:30,15.3,-0.001,-0.22,0.22,300.8
3032,3031,2026-07-01T09:39:51,15.3,-0.001,-0.308,0.308,252.9
3033,3032,2026-07-01T09:55:26,15.6,0.057,-0.465,0.468,226.7
3034,3033,2026-07-01T10:10:46,15.3,0.139,-0.052,0.148,310.4
3035,3034,2026-07-01T10:26:11,15.4,0.031,-0.228,0.231,303.8
3037,3035,2026-07-01T10:54:01,27.8,0.08,-0.154,0.173,210.0
3040,3037,2026-07-01T11:23:58,29.9,-0.428,-1.928,1.975,147.4
3043,3040,2026-07-01T11:48:46,24.8,0.141,0.011,0.141,314.3
3044,3043,2026-07-01T12:04:00,15.2,-0.132,-0.021,0.133,240.6
3045,3044,2026-07-01T12:19:16,15.3,0.074,-0.002,0.074,238.3
3048,3045,2026-07-01T13:00:25,41.1,-0.214,-0.136,0.254,199.0
3049,3048,2026-07-01T13:15:46,15.4,0.028,-0.035,0.045,319.9
3050,3049,2026-07-01T13:31:00,15.2,-0.088,0.044,0.098,322.1
3051,3050,2026-07-01T13:46:15,15.2,-0.008,-0.003,0.009,310.4
3052,3051,2026-07-01T14:01:29,15.2,-0.003,0.048,0.048,317.9
3053,3052,2026-07-01T14:16:47,15.3,-0.029,-0.012,0.032,287.8
3054,3053,2026-07-01T14:32:01,15.2,-0.065,0.005,0.065,255.9
3055,3054,2026-07-01T14:47:18,15.3,0.013,-0.036,0.038,265.8
3059,3055,2026-07-01T15:18:02,30.7,-0.074,-0.037,0.083,296.6
3061,3059,2026-07-01T15:33:57,15.9,0.021,-0.002,0.021,370.3
3062,3061,2026-07-01T15:49:13,15.3,0.003,-0.032,0.032,373.5
3065,3062,2026-07-01T16:17:51,28.6,0.013,-0.007,0.015,286.1
3066,3065,2026-07-01T16:33:09,15.3,0.021,0.009,0.023,355.3
3068,3066,2026-07-01T16:51:59,18.8,0.02,0.015,0.025,421.8
3069,3068,2026-07-01T17:07:15,15.3,-0.001,0.012,0.012,351.2
3070,3069,2026-07-01T17:22:36,15.3,0.017,0.007,0.018,343.6
3071,3070,2026-07-01T17:37:51,15.2,-0.017,-0.018,0.025,417.3
3072,3071,2026-07-01T17:53:07,15.3,-0.015,0.006,0.016,477.1
3073,3072,2026-07-01T18:08:22,15.3,-0.015,0.003,0.016,446.7
3074,3073,2026-07-01T18:23:37,15.2,0.05,0.045,0.068,420.1
3075,3074,2026-07-01T18:38:55,15.3,0.003,-0.003,0.004,387.8
3076,3075,2026-07-01T18:54:12,15.3,-0.015,0.027,0.031,337.5
3080,3076,2026-07-01T19:14:57,20.7,-0.205,0.007,0.205,389.7
3081,3080,2026-07-01T19:30:15,15.3,-0.013,0.025,0.028,420.1
3082,3081,2026-07-01T19:45:30,15.3,-0.004,0.02,0.021,455.6
3083,3082,2026-07-01T20:00:47,15.3,-0.012,0.051,0.052,465.7
3084,3083,2026-07-01T20:16:07,15.3,-0.009,0.038,0.039,422.3
3088,3084,2026-07-01T20:46:08,30.0,-0.237,0.006,0.237,345.6
3089,3088,2026-07-01T21:01:23,15.3,-0.011,0.04,0.042,402.8
3090,3089,2026-07-01T21:16:45,15.4,-0.024,0.034,0.042,472.4
3091,3090,2026-07-01T21:32:05,15.3,-0.026,0.053,0.059,508.1
3092,3091,2026-07-01T21:47:23,15.3,0.001,-0.011,0.012,351.6
3093,3092,2026-07-01T22:02:43,15.3,-0.041,0.091,0.1,307.4
3095,3093,2026-07-02T05:06:20,423.6,-1.246,2.405,2.708,190.2
3096,3095,2026-07-02T05:21:39,15.3,-0.036,0.045,0.058,412.2
3097,3096,2026-07-02T05:36:58,15.3,-0.025,0.018,0.031,566.0
3098,3097,2026-07-02T05:52:19,15.3,-0.023,0.063,0.067,483.8
3099,3098,2026-07-02T06:07:37,15.3,-0.029,0.063,0.07,418.2
3100,3099,2026-07-02T06:22:58,15.3,-0.013,-0.007,0.015,464.0
3101,3100,2026-07-02T06:38:16,15.3,-0.024,0.044,0.05,467.5
3102,3101,2026-07-02T06:53:31,15.2,-0.026,0.029,0.039,397.7
3103,3102,2026-07-02T07:08:48,15.3,-0.027,0.024,0.036,489.1
3104,3103,2026-07-02T07:24:10,15.4,-0.01,-0.013,0.016,471.3
3105,3104,2026-07-02T07:39:27,15.3,-0.059,0.024,0.064,368.8
3106,3105,2026-07-02T07:54:45,15.3,-0.009,-0.006,0.011,349.2
3107,3106,2026-07-02T08:10:00,15.3,-0.032,-0.03,0.044,346.1
3114,3107,2026-07-02T08:40:51,30.8,-0.067,-0.263,0.272,218.8
3115,3114,2026-07-02T08:56:09,15.3,0.007,-0.161,0.161,308.6
3116,3115,2026-07-02T09:11:28,15.3,-0.756,-0.169,0.774,249.5
3122,3116,2026-07-02T09:46:07,34.7,0.141,-0.531,0.549,196.1
3149,3122,2026-07-02T11:31:12,105.1,0.428,-1.043,1.127,167.0
3150,3149,2026-07-02T11:46:29,15.3,0.016,-0.021,0.026,385.9
3152,3150,2026-07-02T12:14:08,27.6,0.003,-0.133,0.133,336.7
3160,3152,2026-07-02T13:12:18,58.2,0.753,-0.19,0.777,271.5
3161,3160,2026-07-02T13:27:33,15.2,0.045,-0.022,0.05,356.3
3162,3161,2026-07-02T13:42:49,15.3,-0.021,0.072,0.075,390.2
3163,3162,2026-07-02T13:58:09,15.3,-0.002,0.081,0.081,367.5
3164,3163,2026-07-02T14:13:29,15.3,-0.0,0.002,0.002,415.1
3165,3164,2026-07-02T14:28:48,15.3,-0.001,0.038,0.038,414.2
3166,3165,2026-07-02T14:44:06,15.3,-0.026,0.068,0.073,408.9
3167,3166,2026-07-02T14:59:23,15.3,-0.056,0.115,0.128,324.0
3168,3167,2026-07-02T15:14:41,15.3,-0.283,0.072,0.292,289.9
3169,3168,2026-07-02T15:29:57,15.3,-0.037,0.13,0.135,356.0
3170,3169,2026-07-02T15:45:17,15.3,-0.044,0.071,0.084,378.9
3171,3170,2026-07-02T16:00:31,15.2,-0.072,0.103,0.126,370.4
3172,3171,2026-07-02T16:15:46,15.2,-0.052,-0.03,0.06,366.7
3173,3172,2026-07-02T16:31:01,15.3,-0.089,0.069,0.112,425.6
3174,3173,2026-07-02T16:46:19,15.3,-0.009,0.09,0.091,404.8
3175,3174,2026-07-02T17:01:37,15.3,-0.023,0.062,0.066,426.3
3176,3175,2026-07-02T17:16:55,15.3,-0.015,0.083,0.084,461.1
3177,3176,2026-07-02T17:32:13,15.3,-0.015,0.043,0.046,444.4
3178,3177,2026-07-02T17:47:30,15.3,0.256,0.079,0.268,357.6
3179,3178,2026-07-02T18:02:47,15.3,-0.018,-0.018,0.025,416.8
3180,3179,2026-07-02T18:18:02,15.3,-0.026,0.045,0.052,377.3
3181,3180,2026-07-02T18:33:18,15.3,-0.036,-0.029,0.046,380.3
3182,3181,2026-07-02T18:48:34,15.3,-0.125,-0.05,0.134,322.9
3183,3182,2026-07-02T19:03:50,15.3,-0.008,0.007,0.011,341.6
3184,3183,2026-07-02T19:19:09,15.3,0.022,-0.006,0.023,325.7
3185,3184,2026-07-02T19:34:27,15.3,-0.043,0.021,0.048,255.2
3186,3185,2026-07-02T19:49:45,15.3,-0.015,0.009,0.017,381.0
3187,3186,2026-07-02T20:05:02,15.3,-0.003,-0.019,0.019,412.4
3188,3187,2026-07-02T20:20:20,15.3,-0.005,-0.047,0.047,281.8
3189,3188,2026-07-02T20:35:38,15.3,0.0,-0.037,0.037,440.0
3190,3189,2026-07-02T20:50:56,15.3,-0.004,0.008,0.009,446.5
3191,3190,2026-07-02T21:06:14,15.3,0.014,-0.007,0.016,448.2
3192,3191,2026-07-02T21:21:32,15.3,0.006,0.013,0.014,424.2
3193,3192,2026-07-02T21:36:51,15.3,0.008,0.011,0.014,470.3
3200,3193,2026-07-02T22:08:01,31.2,0.092,-0.017,0.094,305.1
3201,3200,2026-07-03T05:07:30,419.5,-0.27,2.416,2.431,193.2
3202,3201,2026-07-03T05:22:50,15.3,0.005,0.032,0.033,388.7
3203,3202,2026-07-03T05:38:13,15.4,-0.016,0.048,0.051,496.6
3204,3203,2026-07-03T05:53:35,15.4,-0.009,0.022,0.024,527.0
3205,3204,2026-07-03T06:09:19,15.7,-0.18,0.043,0.185,378.4
3206,3205,2026-07-03T06:25:17,16.0,-0.045,0.021,0.05,442.9
3207,3206,2026-07-03T06:40:46,15.5,-0.029,0.007,0.03,508.8
3208,3207,2026-07-03T06:56:04,15.3,-0.012,0.044,0.046,430.8
3210,3208,2026-07-03T07:22:59,26.9,-0.014,-0.034,0.037,488.2
3211,3210,2026-07-03T07:38:14,15.2,-0.013,0.013,0.018,438.8
3212,3211,2026-07-03T07:53:32,15.3,0.007,-0.06,0.061,421.3
3213,3212,2026-07-03T08:08:46,15.2,-0.013,-0.074,0.075,398.9
3214,3213,2026-07-03T08:24:04,15.3,-0.249,-0.158,0.295,273.3
3216,3214,2026-07-03T08:47:55,23.8,-0.025,-0.224,0.225,282.5
3217,3216,2026-07-03T09:03:14,15.3,0.014,-0.316,0.316,272.2
3218,3217,2026-07-03T09:18:34,15.3,0.025,-0.236,0.237,281.5
3219,3218,2026-07-03T09:33:58,15.4,0.067,-0.283,0.291,225.6
3220,3219,2026-07-03T09:49:18,15.3,0.074,-0.458,0.464,196.6
3221,3220,2026-07-03T10:04:38,15.3,0.159,-0.036,0.163,294.6
3222,3221,2026-07-03T10:20:01,15.4,0.065,-0.294,0.301,240.7
3223,3222,2026-07-03T10:35:17,15.3,0.104,-0.172,0.201,293.0
3224,3223,2026-07-03T10:50:37,15.3,0.117,-0.013,0.118,255.3
3239,3224,2026-07-03T11:34:21,43.7,0.745,-0.891,1.162,198.2
3240,3239,2026-07-03T11:49:36,15.3,0.014,-0.375,0.375,205.3
3241,3240,2026-07-03T12:04:55,15.3,-0.084,0.148,0.17,238.7
3242,3241,2026-07-03T12:20:10,15.2,-0.024,0.006,0.024,387.3
3243,3242,2026-07-03T12:35:27,15.3,0.06,-0.199,0.208,304.7
3244,3243,2026-07-03T12:50:44,15.3,-0.002,-0.029,0.03,335.9
3245,3244,2026-07-03T13:06:03,15.3,-0.06,-0.086,0.105,296.9
3246,3245,2026-07-03T13:21:21,15.3,0.042,-0.014,0.045,328.7
3247,3246,2026-07-03T13:36:37,15.3,-0.081,0.074,0.11,320.9
3249,3247,2026-07-03T14:03:36,27.0,0.042,-0.047,0.062,306.9
3252,3249,2026-07-03T14:28:33,25.0,-0.037,-0.018,0.041,323.2
3253,3252,2026-07-03T14:43:50,15.3,-0.014,0.037,0.039,369.0
3254,3253,2026-07-03T14:59:04,15.2,-0.026,-0.015,0.03,302.2
3255,3254,2026-07-03T15:14:19,15.2,-0.009,-0.031,0.032,388.5
3256,3255,2026-07-03T15:29:33,15.2,0.038,0.021,0.043,425.7
3257,3256,2026-07-03T15:44:53,15.3,0.013,-0.007,0.015,413.3
3258,3257,2026-07-03T16:00:09,15.3,0.01,-0.011,0.015,399.6
3259,3258,2026-07-03T16:15:24,15.2,0.014,0.007,0.015,362.1
3260,3259,2026-07-03T16:30:43,15.3,-0.024,0.012,0.026,401.1
3261,3260,2026-07-03T16:45:59,15.3,-0.014,0.004,0.015,423.7
3262,3261,2026-07-03T17:01:16,15.3,0.012,-0.01,0.015,411.5
3263,3262,2026-07-03T17:16:32,15.3,-0.013,-0.012,0.018,391.9
3264,3263,2026-07-03T17:31:48,15.3,0.011,-0.058,0.059,357.0
3265,3264,2026-07-03T17:47:05,15.3,-0.007,0.043,0.044,410.7
3266,3265,2026-07-03T18:02:20,15.2,-0.002,0.002,0.003,439.3
3267,3266,2026-07-03T18:17:38,15.3,0.006,-0.002,0.006,433.9
3268,3267,2026-07-03T18:32:52,15.2,-0.012,-0.004,0.013,431.6
3269,3268,2026-07-03T18:48:08,15.3,-0.003,0.013,0.014,450.3
3270,3269,2026-07-03T19:03:23,15.3,0.001,-0.006,0.006,453.4
3271,3270,2026-07-03T19:18:42,15.3,-0.015,-0.006,0.016,443.6
3272,3271,2026-07-03T19:34:00,15.3,-0.003,0.02,0.021,457.9
3273,3272,2026-07-03T19:49:19,15.3,-0.013,0.0,0.013,467.3
3274,3273,2026-07-03T20:04:36,15.3,-0.005,0.057,0.057,367.4
3275,3274,2026-07-03T20:19:50,15.2,-0.028,0.031,0.042,433.8
3276,3275,2026-07-03T20:35:07,15.3,-0.015,0.037,0.04,447.6
3278,3276,2026-07-03T20:58:35,23.5,-0.023,0.019,0.03,476.7
3279,3278,2026-07-03T21:13:53,15.3,-0.007,0.006,0.009,437.2
3280,3279,2026-07-03T21:29:11,15.3,-0.047,0.092,0.103,267.9
3282,3280,2026-07-03T21:48:50,19.6,0.739,0.124,0.75,275.4
3283,3282,2026-07-03T22:04:10,15.3,0.022,0.023,0.032,375.0
3284,3283,2026-07-04T05:08:29,424.3,-1.193,2.14,2.45,219.5
3285,3284,2026-07-04T05:23:52,15.4,-0.017,0.018,0.025,419.2
3286,3285,2026-07-04T05:39:13,15.4,-0.018,0.036,0.041,557.7
3287,3286,2026-07-04T05:54:33,15.3,-0.012,0.008,0.015,568.8
3288,3287,2026-07-04T06:09:57,15.4,-0.021,0.029,0.035,539.3
3289,3288,2026-07-04T06:25:18,15.3,-0.015,0.036,0.039,494.5
3290,3289,2026-07-04T06:40:42,15.4,-0.013,0.001,0.013,516.9
3291,3290,2026-07-04T06:56:08,15.4,-0.005,0.032,0.032,447.9
3292,3291,2026-07-04T07:11:34,15.4,-0.014,-0.01,0.017,480.8
3293,3292,2026-07-04T07:26:56,15.4,-0.021,0.029,0.036,415.0
3294,3293,2026-07-04T07:42:20,15.4,0.001,-0.02,0.02,434.4
3295,3294,2026-07-04T07:58:07,15.8,-0.03,-0.014,0.032,406.4
3296,3295,2026-07-04T08:13:27,15.3,-0.012,-0.081,0.082,432.3
3297,3296,2026-07-04T08:28:55,15.5,-0.024,-0.057,0.062,362.6
3298,3297,2026-07-04T08:44:11,15.3,-0.006,-0.044,0.045,415.6
3305,3298,2026-07-04T09:44:15,60.1,0.167,-0.958,0.972,205.8
3308,3305,2026-07-04T10:05:38,21.4,0.11,-0.239,0.263,276.9
3312,3308,2026-07-04T10:48:19,42.7,0.198,-0.886,0.907,210.5
3320,3312,2026-07-04T11:50:06,61.8,1.801,-1.942,2.648,181.3
3336,3320,2026-07-04T13:10:21,80.2,-0.139,-0.237,0.274,209.8
3338,3336,2026-07-04T13:36:19,26.0,-0.022,0.014,0.026,340.7
3341,3338,2026-07-04T14:09:28,33.2,-0.116,0.048,0.125,298.3
3342,3341,2026-07-04T14:24:43,15.2,-0.032,0.013,0.035,347.9
3347,3342,2026-07-04T14:55:34,30.9,-0.034,-0.005,0.034,316.6
3351,3347,2026-07-04T15:30:34,35.0,0.028,0.004,0.029,316.2
3359,3351,2026-07-04T16:18:20,47.8,-0.004,-0.043,0.043,269.1
3360,3359,2026-07-04T16:33:40,15.3,0.001,-0.012,0.012,399.6
3361,3360,2026-07-04T16:48:58,15.3,0.01,-0.007,0.012,418.2
3362,3361,2026-07-04T17:04:17,15.3,-0.004,0.037,0.037,336.1
3364,3362,2026-07-04T17:30:21,26.1,0.015,0.051,0.053,401.5
3365,3364,2026-07-04T17:45:38,15.3,-0.043,0.037,0.057,394.4
3366,3365,2026-07-04T18:00:57,15.3,-0.029,0.02,0.035,385.4
3367,3366,2026-07-04T18:16:15,15.3,-0.032,0.017,0.036,397.0
3369,3367,2026-07-04T18:37:26,21.2,-0.035,0.035,0.049,395.3
3370,3369,2026-07-04T18:52:43,15.3,-0.023,0.038,0.045,439.1
3371,3370,2026-07-04T19:08:01,15.3,-0.012,0.01,0.016,457.6
3372,3371,2026-07-04T19:23:23,15.4,0.012,0.053,0.054,419.3
3373,3372,2026-07-04T19:38:37,15.2,-0.015,0.023,0.027,380.8
3374,3373,2026-07-04T19:53:55,15.3,-0.015,0.051,0.053,362.9
3375,3374,2026-07-04T20:09:11,15.3,-0.024,0.02,0.031,375.6
3376,3375,2026-07-04T20:24:30,15.3,-0.025,0.059,0.064,385.1
3377,3376,2026-07-04T20:39:48,15.3,-0.015,0.058,0.06,394.3
3378,3377,2026-07-04T20:55:05,15.3,-0.018,0.024,0.03,456.7
3379,3378,2026-07-04T21:10:22,15.3,-0.012,0.025,0.028,466.5
3380,3379,2026-07-04T21:25:38,15.3,-0.019,0.029,0.035,461.8
3381,3380,2026-07-04T21:40:57,15.3,-0.028,0.041,0.049,380.0
3388,3387,2026-07-05T05:55:16,15.3,-0.013,0.081,0.082,382.4
3389,3388,2026-07-05T06:10:34,15.3,-0.01,0.014,0.017,495.0
3390,3389,2026-07-05T06:25:52,15.3,-0.028,0.043,0.051,512.0
3391,3390,2026-07-05T06:41:09,15.3,-0.017,0.008,0.019,479.0
3392,3391,2026-07-05T06:56:27,15.3,-0.044,0.014,0.046,474.6
3393,3392,2026-07-05T07:11:46,15.3,-0.016,0.005,0.017,535.6
3394,3393,2026-07-05T07:27:00,15.2,-0.019,0.022,0.029,458.0
3395,3394,2026-07-05T07:42:18,15.3,-0.015,-0.051,0.053,408.9
3396,3395,2026-07-05T07:57:36,15.3,-0.021,0.023,0.032,414.2
3397,3396,2026-07-05T08:12:53,15.3,-0.021,0.021,0.03,475.4
3398,3397,2026-07-05T08:28:10,15.3,-0.007,-0.058,0.058,354.3
3399,3398,2026-07-05T08:43:25,15.3,-0.031,0.05,0.059,398.4
3400,3399,2026-07-05T08:58:40,15.2,-0.013,-0.058,0.059,380.3
3401,3400,2026-07-05T09:13:57,15.3,-0.003,-0.139,0.139,335.9
3405,3401,2026-07-05T09:37:12,23.3,-0.121,0.169,0.208,268.1
3406,3405,2026-07-05T09:52:31,15.3,-0.001,-0.007,0.007,455.2
3407,3406,2026-07-05T10:07:50,15.3,0.001,-0.036,0.036,432.3
3408,3407,2026-07-05T10:23:06,15.3,0.024,-0.009,0.026,394.4
3409,3408,2026-07-05T10:38:20,15.2,-0.019,-0.24,0.241,295.8
3410,3409,2026-07-05T10:53:37,15.3,-0.01,0.06,0.061,360.5
3411,3410,2026-07-05T11:08:52,15.3,0.019,-0.003,0.019,438.5
3412,3411,2026-07-05T11:24:09,15.3,0.054,-0.078,0.095,335.3
3414,3412,2026-07-05T11:41:19,17.2,-0.014,-0.024,0.028,348.2
3415,3414,2026-07-05T11:56:35,15.3,0.018,0.002,0.018,399.0
3416,3415,2026-07-05T12:11:50,15.2,0.0,0.034,0.034,364.5
3421,3416,2026-07-05T12:38:52,27.0,0.036,-0.098,0.104,312.8
3425,3421,2026-07-05T13:07:40,28.8,0.796,-0.471,0.925,200.6
3427,3425,2026-07-05T13:23:12,15.5,0.038,0.149,0.154,275.9
3433,3427,2026-07-05T14:00:31,37.3,-57.755,33.342,66.688,14.9
3434,3433,2026-07-05T14:15:46,15.3,0.041,0.081,0.09,367.5
3436,3434,2026-07-05T14:31:18,15.5,0.007,0.004,0.008,415.6
3437,3436,2026-07-05T14:46:32,15.2,-0.044,-0.088,0.099,389.3
3438,3437,2026-07-05T15:01:48,15.3,0.037,0.067,0.076,382.4
3439,3438,2026-07-05T15:17:00,15.2,0.013,0.049,0.051,397.3
3440,3439,2026-07-05T15:32:14,15.2,-0.041,-0.032,0.052,412.8
3441,3440,2026-07-05T15:47:29,15.3,-0.001,-0.064,0.064,371.8
3443,3441,2026-07-05T16:02:57,15.5,-0.047,0.018,0.051,354.9
3444,3443,2026-07-05T16:18:15,15.3,0.032,-0.09,0.095,368.7
3445,3444,2026-07-05T16:33:30,15.2,-0.024,-0.003,0.024,400.8
3451,3445,2026-07-05T17:06:38,33.1,-0.963,-1.724,1.975,188.1
3452,3451,2026-07-05T17:21:54,15.3,-0.001,-0.036,0.036,463.9
3453,3452,2026-07-05T17:37:11,15.3,0.012,0.039,0.041,449.7
3454,3453,2026-07-05T17:52:26,15.2,0.029,0.038,0.048,360.4
3455,3454,2026-07-05T18:07:44,15.3,0.004,0.032,0.032,322.1
3459,3455,2026-07-05T18:29:50,22.1,45.799,-46.253,65.091,15.3
3460,3459,2026-07-05T18:45:07,15.3,-0.017,0.035,0.039,467.1
3461,3460,2026-07-05T19:00:22,15.3,-0.009,0.005,0.011,404.4
3462,3461,2026-07-05T19:15:42,15.3,0.001,0.023,0.023,376.6
3463,3462,2026-07-05T19:30:58,15.3,-0.0,0.031,0.031,429.9
3464,3463,2026-07-05T19:46:16,15.3,-0.0,0.024,0.024,382.0
3465,3464,2026-07-05T20:01:34,15.3,-0.023,0.064,0.068,422.0
3466,3465,2026-07-05T20:16:54,15.3,-0.004,0.021,0.022,426.5
3468,3466,2026-07-05T20:35:15,18.3,0.016,0.179,0.18,363.6
3469,3468,2026-07-05T20:50:35,15.3,-0.002,0.026,0.027,439.9
3470,3469,2026-07-05T21:05:55,15.3,0.027,0.002,0.027,364.0
3471,3470,2026-07-05T21:21:18,15.4,-0.037,0.055,0.067,343.8
3472,3471,2026-07-05T21:37:02,15.7,0.014,0.039,0.042,421.9
3473,3472,2026-07-05T21:52:37,15.6,0.015,0.042,0.045,456.9
3474,3473,2026-07-05T22:08:10,15.6,-0.009,0.006,0.011,365.7
3477,3476,2026-07-06T05:42:01,16.2,0.0,0.059,0.059,430.6
3478,3477,2026-07-06T05:57:39,15.6,0.009,0.005,0.011,462.2
3479,3478,2026-07-06T06:13:08,15.5,0.002,0.057,0.057,508.3
3480,3479,2026-07-06T06:28:42,15.6,-0.011,0.032,0.034,519.0
3481,3480,2026-07-06T06:46:11,17.5,-0.01,0.019,0.021,533.6
3482,3481,2026-07-06T07:01:42,15.5,0.013,-0.046,0.048,466.7
3483,3482,2026-07-06T07:18:09,16.5,-0.001,0.048,0.048,530.3
3484,3483,2026-07-08T08:12:27,2934.3,-18.913,-14.078,23.577,7.5
3485,3484,2026-07-08T19:30:20,677.9,-0.003,0.01,0.011,21.0
3486,3485,2026-07-09T08:01:01,750.7,20.059,-8.086,21.627,6.8
3490,3486,2026-07-09T08:18:59,18.0,-44.919,37.112,58.266,7.1
3491,3490,2026-07-09T11:44:54,205.9,14.949,56.932,58.862,7.7
3497,3491,2026-07-09T12:27:29,42.6,-16.101,2.898,16.36,8.1
3498,3497,2026-07-09T12:44:04,16.6,0.101,0.166,0.194,369.1
3499,3498,2026-07-09T13:01:26,17.4,0.023,0.058,0.063,490.1
3500,3499,2026-07-09T13:18:47,17.4,0.041,0.009,0.042,443.8
3501,3500,2026-07-09T13:34:33,15.8,0.052,0.035,0.062,431.8
3502,3501,2026-07-09T13:49:49,15.3,-0.01,0.012,0.016,486.7
3503,3502,2026-07-09T14:05:34,15.7,-0.006,0.018,0.019,509.8
3504,3503,2026-07-09T14:21:07,15.6,0.06,-0.101,0.118,427.0
3506,3504,2026-07-09T14:44:35,23.5,0.806,-0.056,0.808,298.5
3507,3506,2026-07-09T15:00:13,15.6,0.007,0.037,0.037,354.2
3508,3507,2026-07-09T15:15:46,15.5,-0.006,0.036,0.036,397.1
3509,3508,2026-07-09T15:32:03,16.3,0.015,0.03,0.034,393.0
3510,3509,2026-07-09T15:47:31,15.5,0.032,0.097,0.103,377.4
3511,3510,2026-07-09T16:03:03,15.5,-0.017,0.019,0.026,449.5
3512,3511,2026-07-09T16:18:27,15.4,0.022,0.085,0.088,387.9
3513,3512,2026-07-09T16:33:47,15.3,-0.011,0.021,0.024,390.5
3514,3513,2026-07-09T16:49:19,15.5,0.011,0.05,0.051,478.3
3515,3514,2026-07-09T17:04:39,15.3,-0.008,0.078,0.078,419.0
3516,3515,2026-07-09T17:20:14,15.6,-0.0,0.021,0.021,497.2
3517,3516,2026-07-09T17:36:14,16.0,0.019,0.02,0.027,504.6
3519,3517,2026-07-09T18:07:11,31.0,0.051,0.019,0.054,414.5
3520,3519,2026-07-09T18:22:57,15.8,0.006,0.005,0.008,505.3
3527,3520,2026-07-09T18:53:51,30.9,0.072,-0.019,0.074,465.3
3529,3527,2026-07-09T19:14:34,20.7,-0.026,0.048,0.055,505.6
3530,3529,2026-07-09T19:30:11,15.6,-0.033,0.054,0.063,467.6
3531,3530,2026-07-09T19:45:46,15.6,0.014,0.032,0.035,507.9
3532,3531,2026-07-09T20:02:11,16.4,-0.002,0.027,0.027,509.0
3533,3532,2026-07-09T20:17:55,15.7,0.03,0.008,0.031,495.5
3534,3533,2026-07-09T20:33:34,15.7,-0.002,0.003,0.004,399.7
3535,3534,2026-07-09T20:49:06,15.5,-0.002,0.036,0.036,490.1
3536,3535,2026-07-09T21:04:37,15.5,-0.015,0.047,0.049,511.0
3537,3536,2026-07-09T21:20:14,15.6,0.084,0.019,0.086,497.4
3541,3537,2026-07-10T21:33:37,1453.4,82.937,-131.148,155.172,7.8
3585,3583,2026-08-29T07:02:15,24.5,-0.087,-0.022,0.09,422.8
3586,3585,2026-08-29T07:17:32,15.3,-0.06,-0.01,0.061,446.8
3587,3586,2026-08-29T07:32:49,15.3,-0.045,0.015,0.047,477.6
3588,3587,2026-08-29T07:48:05,15.3,-0.04,-0.043,0.059,411.1
3589,3588,2026-08-29T08:03:21,15.3,-0.079,-0.038,0.087,329.0
3590,3589,2026-08-29T08:18:34,15.2,-0.048,-0.088,0.1,353.4
3592,3590,2026-08-29T08:43:18,24.7,-0.122,-0.387,0.406,194.2
3593,3592,2026-08-29T08:58:38,15.3,-0.075,-0.13,0.15,277.1
3594,3593,2026-08-29T09:13:54,15.3,-0.065,-0.163,0.176,306.2
3595,3594,2026-08-29T09:29:10,15.3,-0.081,-0.288,0.299,249.7
3596,3595,2026-08-29T09:44:26,15.3,-0.049,-0.165,0.172,307.7
3795,3794,2026-08-30T06:31:52,15.3,0.015,-0.037,0.04,251.2
3796,3795,2026-08-30T06:47:12,15.3,-0.0,-0.012,0.012,461.3
3797,3796,2026-08-30T07:02:32,15.3,0.012,-0.001,0.012,454.7
3798,3797,2026-08-30T07:17:54,15.4,-0.016,0.02,0.025,453.1
3799,3798,2026-08-30T07:33:08,15.2,0.002,-0.061,0.061,351.3
3800,3799,2026-08-30T07:48:24,15.3,-0.011,-0.007,0.013,418.5
3801,3800,2026-08-30T08:03:39,15.3,-0.008,-0.004,0.009,433.6
3802,3801,2026-08-30T08:18:55,15.3,-0.025,-0.014,0.029,333.9
3803,3802,2026-08-30T08:34:10,15.3,0.01,-0.046,0.047,463.1
3804,3803,2026-08-30T08:49:24,15.2,-0.008,-0.024,0.026,377.5
3805,3804,2026-08-30T09:04:43,15.3,0.009,0.002,0.01,426.8
3806,3805,2026-08-30T09:20:00,15.3,-0.021,-0.038,0.043,301.1
3807,3806,2026-08-30T09:35:17,15.3,0.002,-0.056,0.056,351.6
3808,3807,2026-08-30T09:50:35,15.3,-0.023,-0.087,0.09,434.7
3809,3808,2026-08-30T10:05:51,15.3,-0.0,0.005,0.005,400.5
3810,3809,2026-08-30T10:21:08,15.3,0.005,-0.032,0.033,450.1
3811,3810,2026-08-30T10:36:23,15.2,0.006,-0.002,0.006,482.4
3812,3811,2026-08-30T10:51:40,15.3,-0.009,0.004,0.009,426.7
3838,3837,2026-08-31T06:38:00,15.3,-0.073,0.046,0.086,288.9
3839,3838,2026-08-31T06:53:20,15.3,-0.008,-0.012,0.014,357.3
3840,3839,2026-08-31T07:08:38,15.3,-0.049,-0.007,0.05,360.8
3842,3840,2026-08-31T07:30:45,22.1,-0.014,-0.019,0.024,522.9
3843,3842,2026-08-31T07:46:03,15.3,-0.03,-0.015,0.033,358.0
3844,3843,2026-08-31T08:01:22,15.3,-0.03,-0.069,0.076,328.4
3845,3844,2026-08-31T08:16:47,15.4,-0.084,-0.094,0.126,295.0
3846,3845,2026-08-31T08:32:06,15.3,-0.022,-0.103,0.105,332.1
3847,3846,2026-08-31T08:47:21,15.3,-0.034,-0.037,0.051,306.1
3848,3847,2026-08-31T09:02:39,15.3,0.012,-0.013,0.017,344.7
3849,3848,2026-08-31T09:17:58,15.3,-0.071,-0.179,0.193,264.9
3850,3849,2026-08-31T09:33:16,15.3,-0.011,-0.048,0.049,247.1
3851,3850,2026-08-31T09:48:32,15.3,0.058,0.032,0.066,357.3
3852,3851,2026-08-31T10:03:53,15.4,0.021,0.018,0.028,366.2
3854,3852,2026-08-31T10:31:50,28.0,0.026,-0.084,0.088,397.7
3855,3854,2026-08-31T10:47:09,15.3,0.028,-0.031,0.042,354.1
3934,3933,2026-09-01T08:37:24,15.3,0.033,0.042,0.053,543.6
3936,3934,2026-09-01T08:54:49,17.4,-0.099,-0.037,0.106,507.9
3937,3936,2026-09-01T09:10:07,15.3,0.007,-0.003,0.008,560.0
3938,3937,2026-09-01T09:25:24,15.3,-0.025,0.007,0.026,550.3
3939,3938,2026-09-01T09:40:37,15.2,-0.009,0.001,0.009,513.1
3940,3939,2026-09-01T09:55:53,15.3,-0.014,0.015,0.02,520.7
3941,3940,2026-09-01T10:11:09,15.3,-0.009,0.006,0.011,470.3
3947,3941,2026-09-01T10:48:25,37.3,-0.097,-0.288,0.304,341.4
4055,4054,2026-09-02T06:37:21,15.4,0.037,-0.027,0.046,115.2
4056,4055,2026-09-02T06:52:39,15.3,-0.036,0.03,0.047,388.6
4057,4056,2026-09-02T07:07:59,15.3,-0.015,0.012,0.019,507.3
4058,4057,2026-09-02T07:23:18,15.3,-0.019,0.009,0.021,528.6
4059,4058,2026-09-02T07:38:37,15.3,-0.023,0.009,0.025,551.1
4060,4059,2026-09-02T07:53:58,15.3,-0.024,-0.004,0.024,527.9
4061,4060,2026-09-02T08:09:14,15.3,-0.011,-0.002,0.011,532.2
4063,4061,2026-09-02T08:31:12,22.0,-0.079,-0.013,0.08,483.8
4065,4063,2026-09-02T08:55:09,24.0,-0.035,-0.028,0.045,411.8
4067,4065,2026-09-02T09:22:01,26.9,-0.204,-0.565,0.601,166.9
4068,4067,2026-09-02T09:37:16,15.3,-0.08,-0.533,0.539,265.4
4069,4068,2026-09-02T09:52:34,15.3,0.076,-0.25,0.262,302.0
4070,4069,2026-09-02T10:07:50,15.3,-0.167,-1.334,1.344,212.8
4229,4228,2026-09-03T06:52:43,15.3,-0.036,0.032,0.048,292.7
4230,4229,2026-09-03T07:08:01,15.3,-0.013,0.007,0.014,440.5
4233,4230,2026-09-03T07:35:55,27.9,-0.015,0.036,0.039,453.0
4234,4233,2026-09-03T07:51:14,15.3,-0.013,-0.034,0.037,446.9
4235,4234,2026-09-03T08:06:35,15.4,-0.003,0.006,0.007,514.8
4236,4235,2026-09-03T08:21:55,15.3,-0.053,-0.001,0.053,501.1
4237,4236,2026-09-03T08:37:09,15.2,-0.034,-0.01,0.036,461.1
4238,4237,2026-09-03T08:52:30,15.4,-0.035,-0.021,0.041,494.9
4239,4238,2026-09-03T09:07:47,15.3,-0.013,0.001,0.014,505.2
4240,4239,2026-09-03T09:23:02,15.2,-0.027,-0.03,0.041,496.1
4241,4240,2026-09-03T09:38:19,15.3,-0.01,-0.013,0.016,479.0
4242,4241,2026-09-03T09:53:32,15.2,-0.017,-0.009,0.019,414.7
4243,4242,2026-09-03T10:08:46,15.2,-0.003,-0.007,0.008,501.0
4244,4243,2026-09-03T10:24:02,15.3,0.005,0.059,0.06,461.2
4245,4244,2026-09-03T10:39:19,15.3,0.018,0.052,0.054,415.4
4246,4245,2026-09-03T10:54:37,15.3,0.021,0.074,0.077,406.7
4280,4279,2026-09-04T06:52:07,15.3,-0.036,0.015,0.04,399.8
4281,4280,2026-09-04T07:07:24,15.3,-0.01,-0.025,0.027,425.4
4284,4281,2026-09-04T07:29:51,22.5,-0.03,0.012,0.033,414.9
4285,4284,2026-09-04T07:45:08,15.3,-0.009,-0.053,0.054,441.0
4286,4285,2026-09-04T08:00:27,15.3,-0.0,0.022,0.022,412.3
4287,4286,2026-09-04T08:15:43,15.3,-0.025,-0.066,0.071,393.7
4288,4287,2026-09-04T08:30:56,15.2,-0.042,0.002,0.042,371.8
4289,4288,2026-09-04T08:46:11,15.2,0.006,-0.046,0.047,411.9
4294,4289,2026-09-04T09:17:55,31.7,-0.207,-0.767,0.795,270.7
4295,4294,2026-09-04T09:33:10,15.2,0.04,-0.018,0.044,408.3
4296,4295,2026-09-04T09:48:24,15.2,-0.072,0.071,0.101,357.5
4297,4296,2026-09-04T10:03:37,15.2,0.018,-0.038,0.042,396.2
4318,4297,2026-09-04T11:03:22,59.8,0.09,-1.019,1.023,338.3
4406,4405,2026-09-05T06:35:34,15.3,0.021,-0.019,0.028,130.5
4407,4406,2026-09-05T06:50:53,15.3,-0.032,0.05,0.06,302.7
4417,4407,2026-09-05T07:34:19,43.4,-0.088,-0.093,0.128,370.1
4418,4417,2026-09-05T07:49:36,15.3,0.009,-0.032,0.033,415.0
4419,4418,2026-09-05T08:04:54,15.3,-0.015,-0.035,0.038,457.1
4422,4419,2026-09-05T08:41:30,36.6,-0.162,-0.272,0.316,226.9
4423,4422,2026-09-05T08:56:47,15.3,-0.006,-0.148,0.149,332.2
4424,4423,2026-09-05T09:12:01,15.2,-0.026,-0.03,0.04,404.2
4427,4424,2026-09-05T09:55:47,43.8,0.005,-0.395,0.395,284.9
